Workbook

Sheet January
A1: Library | B1: Requests placed last month | C1: Requests filled last month | D1: Requests cancelled after placement on hold shelf | E1: Requests cancelled while in transit | F1: Requests cancelled before an item was found | G1: Requests cancelled total | H1: Requests expired last month | I1: Requests placed by staff | J1: Requests placed in the OPAC
A2: Atchison Public Library | B2: 2760 | C2: 1272 | D2: 125 | E2: 11 | F2: 33 | G2: 169 | H2: 2 | I2: 404 | J2: 2356
A3: Baldwin City Public Library | B3: 1320 | C3: 539 | D3: 27 | E3: 3 | F3: 17 | G3: 47 | H3: 2 | I3: 178 | J3: 1142
A4: Basehor Community Library | B4: 3182 | C4: 1318 | D4: 141 | E4: 12 | F4: 96 | G4: 249 | H4: 0 | I4: 530 | J4: 2652
A5: Bern Community Library | B5: 26 | C5: 12 | D5: 0 | E5: 0 | F5: 0 | G5: 0 | H5: 0 | I5: 14 | J5: 12
A6: Bonner Springs City Library | B6: 3254 | C6: 1313 | D6: 247 | E6: 4 | F6: 70 | G6: 321 | H6: 25 | I6: 910 | J6: 2344
A7: Burlingame Community Library | B7: 326 | C7: 124 | D7: 4 | E7: 0 | F7: 11 | G7: 15 | H7: 9 | I7: 66 | J7: 260
A8: Carbondale City Library | B8: 206 | C8: 95 | D8: 2 | E8: 3 | F8: 6 | G8: 11 | H8: 0 | I8: 94 | J8: 112
A9: Centralia Community Library | B9: 120 | C9: 62 | D9: 0 | E9: 0 | F9: 0 | G9: 0 | H9: 0 | I9: 18 | J9: 102
A10: Corning City Library | B10: 3 | C10: 0 | D10: 0 | E10: 0 | F10: 0 | G10: 0 | H10: 0 | I10: 3 | J10: 0
A11: Digital Content | B11: 0 | C11: 0 | D11: 0 | E11: 0 | F11: 0 | G11: 0 | H11: 0 | I11: 0 | J11: 0
A12: Doniphan County Library - Elwood | B12: 8 | C12: 9 | D12: 2 | E12: 0 | F12: 0 | G12: 2 | H12: 0 | I12: 4 | J12: 4
A13: Doniphan County Library - Highland | B13: 104 | C13: 47 | D13: 1 | E13: 0 | F13: 2 | G13: 3 | H13: 0 | I13: 34 | J13: 70
... A54: Winchester Public Library | B54: 440 | C54: 255 | D54: 11 | E54: 0 | F54: 8 | G54: 19 | H54: 1 | I54: 144 | J54: 296
A55: Doniphan County Library - Total | B55: =SUM(B12,B13,B14,B15) -> 816 | C55: =SUM(C12,C13,C14,C15) -> 342 | D55: =SUM(D12,D13,D14,D15) -> 26 | E55: =SUM(E12,E13,E14,E15) -> 7 | F55: =SUM(F12,F13,F14,F15) -> 25 | G55: =SUM(G12,G13,G14,G15) -> 58 | H55: =SUM(H12,H13,H14,H15) -> 0 | I55: =SUM(I12,I13,I14,I15) -> 366 | J55: =SUM(J12,J13,J14,J15) -> 450
A56: Prairie Hills Schools - Total | B56: =SUM(B40,B41,B42,B43) -> 280 | C56: =SUM(C40,C41,C42,C43) -> 126 | D56: =SUM(D40,D41,D42,D43) -> 7 | E56: =SUM(E40,E41,E42,E43) -> 1 | F56: =SUM(F40,F41,F42,F43) -> 3 | G56: =SUM(G40,G41,G42,G43) -> 11 | H56: =SUM(H40,H41,H42,H43) -> 0 | I56: =SUM(I40,I41,I42,I43) -> 175 | J56: =SUM(J40,J41,J42,J43) -> 105
A57: Next Search Catalog Total | B57: =SUM(B2:B54) -> 39279 | C57: =SUM(C2:C54) -> 16535 | D57: =SUM(D2:D54) -> 1741 | E57: =SUM(E2:E54) -> 179 | F57: =SUM(F2:F54) -> 883 | G57: =SUM(G2:G54) -> 2803 | H57: =SUM(H2:H54) -> 127 | I57: =SUM(I2:I54) -> 8754 | J57: =SUM(J2:J54) -> 30525

Sheet February
A1: Library | B1: Requests placed last month | C1: Requests filled last month | D1: Requests cancelled after placement on hold shelf | E1: Requests cancelled while in transit | F1: Requests cancelled before an item was found | G1: Requests cancelled total | H1: Requests expired last month | I1: Requests placed by staff | J1: Requests placed in the OPAC
A2: Atchison Public Library | B2: 2950 | C2: 1224 | D2: 88 | E2: 5 | F2: 68 | G2: 161 | H2: 4 | I2: 470 | J2: 2480
A3: Baldwin City Public Library | B3: 1126 | C3: 590 | D3: 35 | E3: 10 | F3: 19 | G3: 64 | H3: 2 | I3: 178 | J3: 948
A4: Basehor Community Library | B4: 2486 | C4: 1096 | D4: 123 | E4: 15 | F4: 91 | G4: 229 | H4: 1 | I4: 332 | J4: 2154
A5: Bern Community Library | B5: 7 | C5: 8 | D5: 2 | E5: 0 | F5: 2 | G5: 4 | H5: 0 | I5: 2 | J5: 5
A6: Bonner Springs City Library | B6: 2866 | C6: 1152 | D6: 283 | E6: 10 | F6: 60 | G6: 353 | H6: 13 | I6: 812 | J6: 2054
A7: Burlingame Community Library | B7: 190 | C7: 119 | D7: 1 | E7: 0 | F7: 14 | G7: 15 | H7: 12 | I7: 66 | J7: 124
A8: Carbondale City Library | B8: 310 | C8: 100 | D8: 14 | E8: 0 | F8: 2 | G8: 16 | H8: 0 | I8: 106 | J8: 204
A9: Centralia Community Library | B9: 76 | C9: 49 | D9: 0 | E9: 0 | F9: 1 | G9: 1 | H9: 0 | I9: 18 | J9: 58
A10: Corning City Library | B10: 0 | C10: 3 | D10: 0 | E10: 0 | F10: 0 | G10: 0 | H10: 0 | I10: 0 | J10: 0
A11: Digital Content | B11: 0 | C11: 0 | D11: 1 | E11: 0 | F11: 0 | G11: 1 | H11: 0 | I11: 0 | J11: 0
A12: Doniphan County Library - Elwood | B12: 0 | C12: 2 | D12: 1 | E12: 0 | F12: 0 | G12: 1 | H12: 0 | I12: 0 | J12: 0
A13: Doniphan County Library - Highland | B13: 148 | C13: 66 | D13: 1 | E13: 0 | F13: 1 | G13: 2 | H13: 0 | I13: 72 | J13: 76
... A54: Winchester Public Library | B54: 842 | C54: 396 | D54: 4 | E54: 0 | F54: 10 | G54: 14 | H54: 0 | I54: 204 | J54: 638
A55: Doniphan County Library - Total | B55: =SUM(B12,B13,B14,B15) -> 534 | C55: =SUM(C12,C13,C14,C15) -> 310 | D55: =SUM(D12,D13,D14,D15) -> 21 | E55: =SUM(E12,E13,E14,E15) -> 0 | F55: =SUM(F12,F13,F14,F15) -> 14 | G55: =SUM(G12,G13,G14,G15) -> 35 | H55: =SUM(H12,H13,H14,H15) -> 0 | I55: =SUM(I12,I13,I14,I15) -> 258 | J55: =SUM(J12,J13,J14,J15) -> 276
A56: Prairie Hills Schools - Total | B56: =SUM(B40,B41,B42,B43) -> 428 | C56: =SUM(C40,C41,C42,C43) -> 144 | D56: =SUM(D40,D41,D42,D43) -> 22 | E56: =SUM(E40,E41,E42,E43) -> 0 | F56: =SUM(F40,F41,F42,F43) -> 2 | G56: =SUM(G40,G41,G42,G43) -> 24 | H56: =SUM(H40,H41,H42,H43) -> 0 | I56: =SUM(I40,I41,I42,I43) -> 192 | J56: =SUM(J40,J41,J42,J43) -> 236
A57: Next Search Catalog Total | B57: =SUM(B2:B54) -> 36095 | C57: =SUM(C2:C54) -> 15504 | D57: =SUM(D2:D54) -> 1912 | E57: =SUM(E2:E54) -> 114 | F57: =SUM(F2:F54) -> 1053 | G57: =SUM(G2:G54) -> 3079 | H57: =SUM(H2:H54) -> 91 | I57: =SUM(I2:I54) -> 8604 | J57: =SUM(J2:J54) -> 27491

Sheet March
A1: Library | B1: Requests placed last month | C1: Requests filled last month | D1: Requests cancelled after placement on hold shelf | E1: Requests cancelled while in transit | F1: Requests cancelled before an item was found | G1: Requests cancelled total | H1: Requests expired last month | I1: Requests placed by staff | J1: Requests placed in the OPAC
A2: Atchison Public Library | B2: 2904 | C2: 1336 | D2: 72 | E2: 6 | F2: 50 | G2: 128 | H2: 3 | I2: 372 | J2: 2532
A3: Baldwin City Public Library | B3: 1034 | C3: 439 | D3: 63 | E3: 1 | F3: 21 | G3: 85 | H3: 0 | I3: 152 | J3: 882
A4: Basehor Community Library | B4: 2700 | C4: 1114 | D4: 130 | E4: 13 | F4: 100 | G4: 243 | H4: 1 | I4: 406 | J4: 2294
A5: Bern Community Library | B5: 14 | C5: 3 | D5: 0 | E5: 0 | F5: 0 | G5: 0 | H5: 0 | I5: 12 | J5: 2
A6: Bonner Springs City Library | B6: 3044 | C6: 1155 | D6: 301 | E6: 2 | F6: 60 | G6: 363 | H6: 11 | I6: 860 | J6: 2184
A7: Burlingame Community Library | B7: 340 | C7: 169 | D7: 0 | E7: 0 | F7: 12 | G7: 12 | H7: 5 | I7: 74 | J7: 266
A8: Carbondale City Library | B8: 208 | C8: 121 | D8: 17 | E8: 1 | F8: 3 | G8: 21 | H8: 1 | I8: 68 | J8: 140
A9: Centralia Community Library | B9: 78 | C9: 38 | D9: 0 | E9: 0 | F9: 1 | G9: 1 | H9: 0 | I9: 22 | J9: 56
A10: Corning City Library | B10: 0 | C10: 0 | D10: 0 | E10: 0 | F10: 0 | G10: 0 | H10: 0 | I10: 0 | J10: 0
A11: Digital Content | B11: 0 | C11: 0 | D11: 0 | E11: 0 | F11: 0 | G11: 0 | H11: 0 | I11: 0 | J11: 0
A12: Doniphan County Library - Elwood | B12: 20 | C12: 8 | D12: 0 | E12: 0 | F12: 0 | G12: 0 | H12: 0 | I12: 12 | J12: 8
A13: Doniphan County Library - Highland | B13: 154 | C13: 71 | D13: 2 | E13: 0 | F13: 2 | G13: 4 | H13: 0 | I13: 68 | J13: 86
... A54: Winchester Public Library | B54: 942 | C54: 393 | D54: 3 | E54: 0 | F54: 4 | G54: 7 | H54: 0 | I54: 264 | J54: 678
A55: Doniphan County Library - Total | B55: =SUM(B12,B13,B14,B15) -> 756 | C55: =SUM(C12,C13,C14,C15) -> 349 | D55: =SUM(D12,D13,D14,D15) -> 20 | E55: =SUM(E12,E13,E14,E15) -> 3 | F55: =SUM(F12,F13,F14,F15) -> 9 | G55: =SUM(G12,G13,G14,G15) -> 32 | H55: =SUM(H12,H13,H14,H15) -> 1 | I55: =SUM(I12,I13,I14,I15) -> 358 | J55: =SUM(J12,J13,J14,J15) -> 398
A56: Prairie Hills Schools - Total | B56: =SUM(B40,B41,B42,B43) -> 269 | C56: =SUM(C40,C41,C42,C43) -> 149 | D56: =SUM(D40,D41,D42,D43) -> 25 | E56: =SUM(E40,E41,E42,E43) -> 6 | F56: =SUM(F40,F41,F42,F43) -> 11 | G56: =SUM(G40,G41,G42,G43) -> 42 | H56: =SUM(H40,H41,H42,H43) -> 4 | I56: =SUM(I40,I41,I42,I43) -> 137 | J56: =SUM(J40,J41,J42,J43) -> 132
A57: Next Search Catalog Total | B57: =SUM(B2:B54) -> 37825 | C57: =SUM(C2:C54) -> 15860 | D57: =SUM(D2:D54) -> 1956 | E57: =SUM(E2:E54) -> 159 | F57: =SUM(F2:F54) -> 954 | G57: =SUM(G2:G54) -> 3069 | H57: =SUM(H2:H54) -> 80 | I57: =SUM(I2:I54) -> 8789 | J57: =SUM(J2:J54) -> 29036

Sheet April
A1: Library | B1: Requests placed last month | C1: Requests filled last month | D1: Requests cancelled after placement on hold shelf | E1: Requests cancelled while in transit | F1: Requests cancelled before an item was found | G1: Requests cancelled total | H1: Requests expired last month | I1: Requests placed by staff | J1: Requests placed in the OPAC
A2: Atchison Public Library | B2: 2544 | C2: 1230 | D2: 51 | E2: 2 | F2: 51 | G2: 104 | H2: 3 | I2: 380 | J2: 2164
A3: Baldwin City Public Library | B3: 970 | C3: 426 | D3: 22 | E3: 2 | F3: 32 | G3: 56 | H3: 1 | I3: 176 | J3: 794
A4: Basehor Community Library | B4: 2568 | C4: 1020 | D4: 146 | E4: 12 | F4: 85 | G4: 243 | H4: 2 | I4: 498 | J4: 2070
A5: Bern Community Library | B5: 34 | C5: 8 | D5: 3 | E5: 0 | F5: 0 | G5: 3 | H5: 0 | I5: 10 | J5: 24
A6: Bonner Springs City Library | B6: 2776 | C6: 968 | D6: 290 | E6: 4 | F6: 49 | G6: 343 | H6: 12 | I6: 880 | J6: 1896
A7: Burlingame Community Library | B7: 430 | C7: 203 | D7: 0 | E7: 0 | F7: 6 | G7: 6 | H7: 4 | I7: 220 | J7: 210
A8: Carbondale City Library | B8: 140 | C8: 68 | D8: 17 | E8: 0 | F8: 10 | G8: 27 | H8: 0 | I8: 32 | J8: 108
A9: Centralia Community Library | B9: 54 | C9: 31 | D9: 0 | E9: 0 | F9: 1 | G9: 1 | H9: 0 | I9: 20 | J9: 34
A10: Corning City Library | B10: 0 | C10: 0 | D10: 0 | E10: 0 | F10: 0 | G10: 0 | H10: 0 | I10: 0 | J10: 0
A11: Digital Content | B11: 0 | C11: 0 | D11: 0 | E11: 0 | F11: 0 | G11: 0 | H11: 0 | I11: 0 | J11: 0
A12: Doniphan County Library - Elwood | B12: 10 | C12: 9 | D12: 0 | E12: 0 | F12: 1 | G12: 1 | H12: 0 | I12: 8 | J12: 2
A13: Doniphan County Library - Highland | B13: 114 | C13: 64 | D13: 2 | E13: 0 | F13: 1 | G13: 3 | H13: 0 | I13: 60 | J13: 54
... A54: Winchester Public Library | B54: 854 | C54: 424 | D54: 7 | E54: 1 | F54: 8 | G54: 16 | H54: 1 | I54: 280 | J54: 574
A55: Doniphan County Library - Total | B55: =SUM(B12,B13,B14,B15) -> 532 | C55: =SUM(C12,C13,C14,C15) -> 278 | D55: =SUM(D12,D13,D14,D15) -> 7 | E55: =SUM(E12,E13,E14,E15) -> 3 | F55: =SUM(F12,F13,F14,F15) -> 23 | G55: =SUM(G12,G13,G14,G15) -> 33 | H55: =SUM(H12,H13,H14,H15) -> 0 | I55: =SUM(I12,I13,I14,I15) -> 286 | J55: =SUM(J12,J13,J14,J15) -> 246
A56: Prairie Hills Schools - Total | B56: =SUM(B40,B41,B42,B43) -> 156 | C56: =SUM(C40,C41,C42,C43) -> 98 | D56: =SUM(D40,D41,D42,D43) -> 8 | E56: =SUM(E40,E41,E42,E43) -> 3 | F56: =SUM(F40,F41,F42,F43) -> 2 | G56: =SUM(G40,G41,G42,G43) -> 13 | H56: =SUM(H40,H41,H42,H43) -> 0 | I56: =SUM(I40,I41,I42,I43) -> 58 | J56: =SUM(J40,J41,J42,J43) -> 98
A57: Next Search Catalog Total | B57: =SUM(B2:B54) -> 33712 | C57: =SUM(C2:C54) -> 14865 | D57: =SUM(D2:D54) -> 1693 | E57: =SUM(E2:E54) -> 99 | F57: =SUM(F2:F54) -> 870 | G57: =SUM(G2:G54) -> 2662 | H57: =SUM(H2:H54) -> 79 | I57: =SUM(I2:I54) -> 8575 | J57: =SUM(J2:J54) -> 25137

Sheet May
A1: Library | B1: Requests placed last month | C1: Requests filled last month | D1: Requests cancelled after placement on hold shelf | E1: Requests cancelled while in transit | F1: Requests cancelled before an item was found | G1: Requests cancelled total | H1: Requests expired last month | I1: Requests placed by staff | J1: Requests placed in the OPAC
A2: Atchison Public Library | B2: 2312 | C2: 1009 | D2: 93 | E2: 6 | F2: 43 | G2: 142 | H2: 11 | I2: 346 | J2: 1966
A3: Baldwin City Public Library | B3: 1210 | C3: 416 | D3: 45 | E3: 10 | F3: 25 | G3: 80 | H3: 2 | I3: 154 | J3: 1056
A4: Basehor Community Library | B4: 1232 | C4: 952 | D4: 100 | E4: 16 | F4: 83 | G4: 199 | H4: 1 | I4: 216 | J4: 1016
A5: Bern Community Library | B5: 26 | C5: 13 | D5: 0 | E5: 0 | F5: 0 | G5: 0 | H5: 0 | I5: 10 | J5: 16
A6: Bonner Springs City Library | B6: 1302 | C6: 954 | D6: 287 | E6: 5 | F6: 104 | G6: 396 | H6: 16 | I6: 362 | J6: 940
A7: Burlingame Community Library | B7: 418 | C7: 202 | D7: 2 | E7: 0 | F7: 1 | G7: 3 | H7: 0 | I7: 196 | J7: 222
A8: Carbondale City Library | B8: 220 | C8: 75 | D8: 1 | E8: 1 | F8: 3 | G8: 5 | H8: 0 | I8: 36 | J8: 184
A9: Centralia Community Library | B9: 124 | C9: 47 | D9: 1 | E9: 0 | F9: 1 | G9: 2 | H9: 0 | I9: 32 | J9: 92
A10: Corning City Library | B10: 0 | C10: 0 | D10: 0 | E10: 0 | F10: 0 | G10: 0 | H10: 0 | I10: 0 | J10: 0
A11: Digital Content | B11: 0 | C11: 0 | D11: 0 | E11: 0 | F11: 0 | G11: 0 | H11: 0 | I11: 0 | J11: 0
A12: Doniphan County Library - Elwood | B12: 3 | C12: 4 | D12: 0 | E12: 0 | F12: 0 | G12: 0 | H12: 0 | I12: 3 | J12: 0
A13: Doniphan County Library - Highland | B13: 116 | C13: 50 | D13: 6 | E13: 2 | F13: 4 | G13: 12 | H13: 0 | I13: 66 | J13: 50
... A54: Winchester Public Library | B54: 666 | C54: 306 | D54: 5 | E54: 1 | F54: 14 | G54: 20 | H54: 1 | I54: 200 | J54: 466
A55: Doniphan County Library - Total | B55: =SUM(B12,B13,B14,B15) -> 559 | C55: =SUM(C12,C13,C14,C15) -> 217 | D55: =SUM(D12,D13,D14,D15) -> 18 | E55: =SUM(E12,E13,E14,E15) -> 2 | F55: =SUM(F12,F13,F14,F15) -> 24 | G55: =SUM(G12,G13,G14,G15) -> 44 | H55: =SUM(H12,H13,H14,H15) -> 0 | I55: =SUM(I12,I13,I14,I15) -> 277 | J55: =SUM(J12,J13,J14,J15) -> 282
A56: Prairie Hills Schools - Total | B56: =SUM(B40,B41,B42,B43) -> 1 | C56: =SUM(C40,C41,C42,C43) -> 2 | D56: =SUM(D40,D41,D42,D43) -> 11 | E56: =SUM(E40,E41,E42,E43) -> 1 | F56: =SUM(F40,F41,F42,F43) -> 0 | G56: =SUM(G40,G41,G42,G43) -> 12 | H56: =SUM(H40,H41,H42,H43) -> 0 | I56: =SUM(I40,I41,I42,I43) -> 0 | J56: =SUM(J40,J41,J42,J43) -> 1
A57: Next Search Catalog Total | B57: =SUM(B2:B54) -> 30975 | C57: =SUM(C2:C54) -> 13325 | D57: =SUM(D2:D54) -> 1640 | E57: =SUM(E2:E54) -> 118 | F57: =SUM(F2:F54) -> 907 | G57: =SUM(G2:G54) -> 2665 | H57: =SUM(H2:H54) -> 114 | I57: =SUM(I2:I54) -> 6969 | J57: =SUM(J2:J54) -> 24006

Sheet June
A1: Library | B1: Requests placed last month | C1: Requests filled last month | D1: Requests cancelled after placement on hold shelf | E1: Requests cancelled while in transit | F1: Requests cancelled before an item was found | G1: Requests cancelled total | H1: Requests expired last month | I1: Requests placed by staff | J1: Requests placed in the OPAC
A2: Atchison Public Library | B2: 3228 | C2: 1242 | D2: 126 | E2: 27 | F2: 63 | G2: 216 | H2: 3 | I2: 490 | J2: 2738
A3: Baldwin City Public Library | B3: 1366 | C3: 545 | D3: 68 | E3: 5 | F3: 23 | G3: 96 | H3: 4 | I3: 244 | J3: 1122
A4: Basehor Community Library | B4: 2714 | C4: 1143 | D4: 136 | E4: 10 | F4: 83 | G4: 229 | H4: 1 | I4: 518 | J4: 2196
A5: Bern Community Library | B5: 72 | C5: 27 | D5: 4 | E5: 0 | F5: 4 | G5: 8 | H5: 0 | I5: 52 | J5: 20
A6: Bonner Springs City Library | B6: 2674 | C6: 1048 | D6: 266 | E6: 7 | F6: 62 | G6: 335 | H6: 15 | I6: 958 | J6: 1716
A7: Burlingame Community Library | B7: 368 | C7: 129 | D7: 2 | E7: 0 | F7: 2 | G7: 4 | H7: 1 | I7: 92 | J7: 276
A8: Carbondale City Library | B8: 188 | C8: 100 | D8: 2 | E8: 0 | F8: 2 | G8: 4 | H8: 0 | I8: 34 | J8: 154
A9: Centralia Community Library | B9: 74 | C9: 41 | D9: 0 | E9: 0 | F9: 2 | G9: 2 | H9: 0 | I9: 30 | J9: 44
A10: Corning City Library | B10: 1 | C10: 0 | D10: 0 | E10: 0 | F10: 0 | G10: 0 | H10: 0 | I10: 0 | J10: 1
A11: Digital Content | B11: 0 | C11: 0 | D11: 0 | E11: 0 | F11: 0 | G11: 0 | H11: 0 | I11: 0 | J11: 0
A12: Doniphan County Library - Elwood | B12: 4 | C12: 4 | D12: 0 | E12: 0 | F12: 0 | G12: 0 | H12: 0 | I12: 4 | J12: 0
A13: Doniphan County Library - Highland | B13: 88 | C13: 33 | D13: 5 | E13: 0 | F13: 0 | G13: 5 | H13: 0 | I13: 38 | J13: 50
... A54: Winchester Public Library | B54: 572 | C54: 296 | D54: 3 | E54: 1 | F54: 9 | G54: 13 | H54: 1 | I54: 280 | J54: 292
A55: Doniphan County Library - Total | B55: =SUM(B12,B13,B14,B15) -> 622 | C55: =SUM(C12,C13,C14,C15) -> 276 | D55: =SUM(D12,D13,D14,D15) -> 11 | E55: =SUM(E12,E13,E14,E15) -> 5 | F55: =SUM(F12,F13,F14,F15) -> 19 | G55: =SUM(G12,G13,G14,G15) -> 35 | H55: =SUM(H12,H13,H14,H15) -> 0 | I55: =SUM(I12,I13,I14,I15) -> 282 | J55: =SUM(J12,J13,J14,J15) -> 340
A56: Prairie Hills Schools - Total | B56: =SUM(B40,B41,B42,B43) -> 0 | C56: =SUM(C40,C41,C42,C43) -> 1 | D56: =SUM(D40,D41,D42,D43) -> 0 | E56: =SUM(E40,E41,E42,E43) -> 0 | F56: =SUM(F40,F41,F42,F43) -> 0 | G56: =SUM(G40,G41,G42,G43) -> 0 | H56: =SUM(H40,H41,H42,H43) -> 0 | I56: =SUM(I40,I41,I42,I43) -> 0 | J56: =SUM(J40,J41,J42,J43) -> 0
A57: Next Search Catalog Total | B57: =SUM(B2:B54) -> 35080 | C57: =SUM(C2:C54) -> 14721 | D57: =SUM(D2:D54) -> 1846 | E57: =SUM(E2:E54) -> 139 | F57: =SUM(F2:F54) -> 896 | G57: =SUM(G2:G54) -> 2881 | H57: =SUM(H2:H54) -> 126 | I57: =SUM(I2:I54) -> 8962 | J57: =SUM(J2:J54) -> 26118

Sheet July
A1: Library | B1: Requests placed last month | C1: Requests filled last month | D1: Requests cancelled after placement on hold shelf | E1: Requests cancelled while in transit | F1: Requests cancelled before an item was found | G1: Requests cancelled total | H1: Requests expired last month | I1: Requests placed by staff | J1: Requests placed in the OPAC
A2: Atchison Public Library | B2: 2802 | C2: 1346 | D2: 92 | E2: 8 | F2: 39 | G2: 139 | H2: 3 | I2: 412 | J2: 2390
A3: Baldwin City Public Library | B3: 1302 | C3: 696 | D3: 71 | E3: 5 | F3: 28 | G3: 104 | H3: 4 | I3: 226 | J3: 1076
A4: Basehor Community Library | B4: 2960 | C4: 1235 | D4: 161 | E4: 9 | F4: 96 | G4: 266 | H4: 3 | I4: 458 | J4: 2502
A5: Bern Community Library | B5: 20 | C5: 12 | D5: 1 | E5: 0 | F5: 0 | G5: 1 | H5: 0 | I5: 10 | J5: 10
A6: Bonner Springs City Library | B6: 2508 | C6: 951 | D6: 255 | E6: 3 | F6: 65 | G6: 323 | H6: 20 | I6: 848 | J6: 1660
A7: Burlingame Community Library | B7: 464 | C7: 237 | D7: 3 | E7: 0 | F7: 142 | G7: 145 | H7: 140 | I7: 138 | J7: 326
A8: Carbondale City Library | B8: 370 | C8: 158 | D8: 1 | E8: 0 | F8: 10 | G8: 11 | H8: 1 | I8: 64 | J8: 306
A9: Centralia Community Library | B9: 126 | C9: 55 | D9: 0 | E9: 0 | F9: 4 | G9: 4 | H9: 0 | I9: 30 | J9: 96
A10: Corning City Library | B10: 0 | C10: 1 | D10: 0 | E10: 0 | F10: 0 | G10: 0 | H10: 0 | I10: 0 | J10: 0
A11: Digital Content | B11: 0 | C11: 0 | D11: 0 | E11: 0 | F11: 0 | G11: 0 | H11: 0 | I11: 0 | J11: 0
A12: Doniphan County Library - Elwood | B12: 8 | C12: 8 | D12: 0 | E12: 0 | F12: 0 | G12: 0 | H12: 0 | I12: 6 | J12: 2
A13: Doniphan County Library - Highland | B13: 54 | C13: 28 | D13: 2 | E13: 1 | F13: 2 | G13: 5 | H13: 0 | I13: 24 | J13: 30
... A54: Winchester Public Library | B54: 598 | C54: 287 | D54: 7 | E54: 1 | F54: 5 | G54: 13 | H54: 0 | I54: 170 | J54: 428
A55: Doniphan County Library - Total | B55: =SUM(B12,B13,B14,B15) -> 452 | C55: =SUM(C12,C13,C14,C15) -> 253 | D55: =SUM(D12,D13,D14,D15) -> 14 | E55: =SUM(E12,E13,E14,E15) -> 6 | F55: =SUM(F12,F13,F14,F15) -> 27 | G55: =SUM(G12,G13,G14,G15) -> 47 | H55: =SUM(H12,H13,H14,H15) -> 10 | I55: =SUM(I12,I13,I14,I15) -> 202 | J55: =SUM(J12,J13,J14,J15) -> 250
A56: Prairie Hills Schools - Total | B56: =SUM(B40,B41,B42,B43) -> 0 | C56: =SUM(C40,C41,C42,C43) -> 0 | D56: =SUM(D40,D41,D42,D43) -> 0 | E56: =SUM(E40,E41,E42,E43) -> 0 | F56: =SUM(F40,F41,F42,F43) -> 0 | G56: =SUM(G40,G41,G42,G43) -> 0 | H56: =SUM(H40,H41,H42,H43) -> 0 | I56: =SUM(I40,I41,I42,I43) -> 0 | J56: =SUM(J40,J41,J42,J43) -> 0
A57: Next Search Catalog Total | B57: =SUM(B2:B54) -> 34236 | C57: =SUM(C2:C54) -> 15016 | D57: =SUM(D2:D54) -> 1776 | E57: =SUM(E2:E54) -> 131 | F57: =SUM(F2:F54) -> 1078 | G57: =SUM(G2:G54) -> 2985 | H57: =SUM(H2:H54) -> 329 | I57: =SUM(I2:I54) -> 8176 | J57: =SUM(J2:J54) -> 26060

Sheet August
A1: Library | B1: Requests placed last month | C1: Requests filled last month | D1: Requests cancelled after placement on hold shelf | E1: Requests cancelled while in transit | F1: Requests cancelled before an item was found | G1: Requests cancelled total | H1: Requests expired last month | I1: Requests placed by staff | J1: Requests placed in the OPAC
A2: Atchison Public Library | B2: 3080 | C2: 1353 | D2: 108 | E2: 13 | F2: 38 | G2: 159 | H2: 4 | I2: 472 | J2: 2608
A3: Baldwin City Public Library | B3: 1220 | C3: 520 | D3: 33 | E3: 0 | F3: 28 | G3: 61 | H3: 4 | I3: 204 | J3: 1016
A4: Basehor Community Library | B4: 3186 | C4: 1252 | D4: 116 | E4: 25 | F4: 76 | G4: 217 | H4: 0 | I4: 492 | J4: 2694
A5: Bern Community Library | B5: 30 | C5: 13 | D5: 6 | E5: 0 | F5: 0 | G5: 6 | H5: 0 | I5: 22 | J5: 8
A6: Bonner Springs City Library | B6: 3082 | C6: 1094 | D6: 225 | E6: 9 | F6: 73 | G6: 307 | H6: 17 | I6: 844 | J6: 2238
A7: Burlingame Community Library | B7: 462 | C7: 189 | D7: 4 | E7: 1 | F7: 20 | G7: 25 | H7: 16 | I7: 174 | J7: 288
A8: Carbondale City Library | B8: 202 | C8: 108 | D8: 3 | E8: 1 | F8: 5 | G8: 9 | H8: 0 | I8: 54 | J8: 148
A9: Centralia Community Library | B9: 154 | C9: 73 | D9: 1 | E9: 0 | F9: 1 | G9: 2 | H9: 0 | I9: 20 | J9: 134
A10: Corning City Library | B10: 0 | C10: 0 | D10: 0 | E10: 0 | F10: 0 | G10: 0 | H10: 0 | I10: 0 | J10: 0
A11: Digital Content | B11: 0 | C11: 0 | D11: 0 | E11: 0 | F11: 0 | G11: 0 | H11: 0 | I11: 0 | J11: 0
A12: Doniphan County Library - Elwood | B12: 6 | C12: 1 | D12: 1 | E12: 0 | F12: 0 | G12: 1 | H12: 0 | I12: 4 | J12: 2
A13: Doniphan County Library - Highland | B13: 112 | C13: 42 | D13: 2 | E13: 1 | F13: 3 | G13: 6 | H13: 0 | I13: 56 | J13: 56
... A54: Winchester Public Library | B54: 670 | C54: 361 | D54: 11 | E54: 2 | F54: 14 | G54: 27 | H54: 2 | I54: 172 | J54: 498
A55: Doniphan County Library - Total | B55: =SUM(B12,B13,B14,B15) -> 578 | C55: =SUM(C12,C13,C14,C15) -> 269 | D55: =SUM(D12,D13,D14,D15) -> 17 | E55: =SUM(E12,E13,E14,E15) -> 1 | F55: =SUM(F12,F13,F14,F15) -> 22 | G55: =SUM(G12,G13,G14,G15) -> 40 | H55: =SUM(H12,H13,H14,H15) -> 0 | I55: =SUM(I12,I13,I14,I15) -> 278 | J55: =SUM(J12,J13,J14,J15) -> 300
A56: Prairie Hills Schools - Total | B56: =SUM(B40,B41,B42,B43) -> 120 | C56: =SUM(C40,C41,C42,C43) -> 22 | D56: =SUM(D40,D41,D42,D43) -> 1 | E56: =SUM(E40,E41,E42,E43) -> 0 | F56: =SUM(F40,F41,F42,F43) -> 0 | G56: =SUM(G40,G41,G42,G43) -> 1 | H56: =SUM(H40,H41,H42,H43) -> 0 | I56: =SUM(I40,I41,I42,I43) -> 52 | J56: =SUM(J40,J41,J42,J43) -> 68
A57: Next Search Catalog Total | B57: =SUM(B2:B54) -> 39403 | C57: =SUM(C2:C54) -> 16098 | D57: =SUM(D2:D54) -> 1743 | E57: =SUM(E2:E54) -> 207 | F57: =SUM(F2:F54) -> 881 | G57: =SUM(G2:G54) -> 2831 | H57: =SUM(H2:H54) -> 116 | I57: =SUM(I2:I54) -> 8404 | J57: =SUM(J2:J54) -> 30999

Sheet September
A1: Library | B1: Requests placed last month | C1: Requests filled last month | D1: Requests cancelled after placement on hold shelf | E1: Requests cancelled while in transit | F1: Requests cancelled before an item was found | G1: Requests cancelled total | H1: Requests expired last month | I1: Requests placed by staff | J1: Requests placed in the OPAC
A2: Atchison Public Library | B2: 3562 | C2: 1474 | D2: 75 | E2: 13 | F2: 67 | G2: 155 | H2: 5 | I2: 490 | J2: 3072
A3: Baldwin City Public Library | B3: 1298 | C3: 531 | D3: 28 | E3: 10 | F3: 18 | G3: 56 | H3: 1 | I3: 188 | J3: 1110
A4: Basehor Community Library | B4: 2654 | C4: 1148 | D4: 107 | E4: 31 | F4: 90 | G4: 228 | H4: 0 | I4: 448 | J4: 2206
A5: Bern Community Library | B5: 46 | C5: 13 | D5: 0 | E5: 0 | F5: 1 | G5: 1 | H5: 0 | I5: 26 | J5: 20
A6: Bonner Springs City Library | B6: 3084 | C6: 1175 | D6: 219 | E6: 5 | F6: 111 | G6: 335 | H6: 16 | I6: 794 | J6: 2290
A7: Burlingame Community Library | B7: 732 | C7: 272 | D7: 4 | E7: 1 | F7: 14 | G7: 19 | H7: 0 | I7: 202 | J7: 530
A8: Carbondale City Library | B8: 252 | C8: 116 | D8: 0 | E8: 1 | F8: 5 | G8: 6 | H8: 1 | I8: 72 | J8: 180
A9: Centralia Community Library | B9: 98 | C9: 47 | D9: 0 | E9: 0 | F9: 1 | G9: 1 | H9: 0 | I9: 28 | J9: 70
A10: Corning City Library | B10: 1 | C10: 0 | D10: 0 | E10: 0 | F10: 0 | G10: 0 | H10: 0 | I10: 1 | J10: 0
A11: Digital Content | B11: 0 | C11: 0 | D11: 0 | E11: 0 | F11: 0 | G11: 0 | H11: 0 | I11: 0 | J11: 0
A12: Doniphan County Library - Elwood | B12: 8 | C12: 7 | D12: 2 | E12: 0 | F12: 0 | G12: 2 | H12: 0 | I12: 4 | J12: 4
A13: Doniphan County Library - Highland | B13: 86 | C13: 35 | D13: 11 | E13: 0 | F13: 0 | G13: 11 | H13: 0 | I13: 18 | J13: 68
... A54: Winchester Public Library | B54: 580 | C54: 251 | D54: 9 | E54: 1 | F54: 8 | G54: 18 | H54: 0 | I54: 298 | J54: 282
A55: Doniphan County Library - Total | B55: =SUM(B12,B13,B14,B15) -> 766 | C55: =SUM(C12,C13,C14,C15) -> 308 | D55: =SUM(D12,D13,D14,D15) -> 29 | E55: =SUM(E12,E13,E14,E15) -> 5 | F55: =SUM(F12,F13,F14,F15) -> 16 | G55: =SUM(G12,G13,G14,G15) -> 50 | H55: =SUM(H12,H13,H14,H15) -> 0 | I55: =SUM(I12,I13,I14,I15) -> 300 | J55: =SUM(J12,J13,J14,J15) -> 466
A56: Prairie Hills Schools - Total | B56: =SUM(B40,B41,B42,B43) -> 177 | C56: =SUM(C40,C41,C42,C43) -> 95 | D56: =SUM(D40,D41,D42,D43) -> 10 | E56: =SUM(E40,E41,E42,E43) -> 0 | F56: =SUM(F40,F41,F42,F43) -> 1 | G56: =SUM(G40,G41,G42,G43) -> 11 | H56: =SUM(H40,H41,H42,H43) -> 0 | I56: =SUM(I40,I41,I42,I43) -> 118 | J56: =SUM(J40,J41,J42,J43) -> 59
A57: Next Search Catalog Total | B57: =SUM(B2:B54) -> 37762 | C57: =SUM(C2:C54) -> 15640 | D57: =SUM(D2:D54) -> 1783 | E57: =SUM(E2:E54) -> 166 | F57: =SUM(F2:F54) -> 960 | G57: =SUM(G2:G54) -> 2909 | H57: =SUM(H2:H54) -> 72 | I57: =SUM(I2:I54) -> 8651 | J57: =SUM(J2:J54) -> 29111

Sheet October
A1: Library | B1: Requests placed last month | C1: Requests filled last month | D1: Requests cancelled after placement on hold shelf | E1: Requests cancelled while in transit | F1: Requests cancelled before an item was found | G1: Requests cancelled total | H1: Requests expired last month | I1: Requests placed by staff | J1: Requests placed in the OPAC
A2: Atchison Public Library
A3: Baldwin City Public Library
A4: Basehor Community Library
A5: Bern Community Library
A6: Bonner Springs City Library
A7: Burlingame Community Library
A8: Carbondale City Library
A9: Centralia Community Library
A10: Corning City Library
A11: Digital Content
A12: Doniphan County Library - Elwood
A13: Doniphan County Library - Highland
... A54: Winchester Public Library
A55: Doniphan County Library - Total | B55: =SUM(B12,B13,B14,B15) -> 0 | C55: =SUM(C12,C13,C14,C15) -> 0 | D55: =SUM(D12,D13,D14,D15) -> 0 | E55: =SUM(E12,E13,E14,E15) -> 0 | F55: =SUM(F12,F13,F14,F15) -> 0 | G55: =SUM(G12,G13,G14,G15) -> 0 | H55: =SUM(H12,H13,H14,H15) -> 0 | I55: =SUM(I12,I13,I14,I15) -> 0 | J55: =SUM(J12,J13,J14,J15) -> 0
A56: Prairie Hills Schools - Total | B56: =SUM(B40,B41,B42,B43) -> 0 | C56: =SUM(C40,C41,C42,C43) -> 0 | D56: =SUM(D40,D41,D42,D43) -> 0 | E56: =SUM(E40,E41,E42,E43) -> 0 | F56: =SUM(F40,F41,F42,F43) -> 0 | G56: =SUM(G40,G41,G42,G43) -> 0 | H56: =SUM(H40,H41,H42,H43) -> 0 | I56: =SUM(I40,I41,I42,I43) -> 0 | J56: =SUM(J40,J41,J42,J43) -> 0
A57: Next Search Catalog Total | B57: =SUM(B2:B54) -> 0 | C57: =SUM(C2:C54) -> 0 | D57: =SUM(D2:D54) -> 0 | E57: =SUM(E2:E54) -> 0 | F57: =SUM(F2:F54) -> 0 | G57: =SUM(G2:G54) -> 0 | H57: =SUM(H2:H54) -> 0 | I57: =SUM(I2:I54) -> 0 | J57: =SUM(J2:J54) -> 0

Sheet November
A1: Library | B1: Requests placed last month | C1: Requests filled last month | D1: Requests cancelled after placement on hold shelf | E1: Requests cancelled while in transit | F1: Requests cancelled before an item was found | G1: Requests cancelled total | H1: Requests expired last month | I1: Requests placed by staff | J1: Requests placed in the OPAC
A2: Atchison Public Library
A3: Baldwin City Public Library
A4: Basehor Community Library
A5: Bern Community Library
A6: Bonner Springs City Library
A7: Burlingame Community Library
A8: Carbondale City Library
A9: Centralia Community Library
A10: Corning City Library
A11: Digital Content
A12: Doniphan County Library - Elwood
A13: Doniphan County Library - Highland
... A54: Winchester Public Library
A55: Doniphan County Library - Total | B55: =SUM(B12,B13,B14,B15) -> 0 | C55: =SUM(C12,C13,C14,C15) -> 0 | D55: =SUM(D12,D13,D14,D15) -> 0 | E55: =SUM(E12,E13,E14,E15) -> 0 | F55: =SUM(F12,F13,F14,F15) -> 0 | G55: =SUM(G12,G13,G14,G15) -> 0 | H55: =SUM(H12,H13,H14,H15) -> 0 | I55: =SUM(I12,I13,I14,I15) -> 0 | J55: =SUM(J12,J13,J14,J15) -> 0
A56: Prairie Hills Schools - Total | B56: =SUM(B40,B41,B42,B43) -> 0 | C56: =SUM(C40,C41,C42,C43) -> 0 | D56: =SUM(D40,D41,D42,D43) -> 0 | E56: =SUM(E40,E41,E42,E43) -> 0 | F56: =SUM(F40,F41,F42,F43) -> 0 | G56: =SUM(G40,G41,G42,G43) -> 0 | H56: =SUM(H40,H41,H42,H43) -> 0 | I56: =SUM(I40,I41,I42,I43) -> 0 | J56: =SUM(J40,J41,J42,J43) -> 0
A57: Next Search Catalog Total | B57: =SUM(B2:B54) -> 0 | C57: =SUM(C2:C54) -> 0 | D57: =SUM(D2:D54) -> 0 | E57: =SUM(E2:E54) -> 0 | F57: =SUM(F2:F54) -> 0 | G57: =SUM(G2:G54) -> 0 | H57: =SUM(H2:H54) -> 0 | I57: =SUM(I2:I54) -> 0 | J57: =SUM(J2:J54) -> 0

Sheet December
A1: Library | B1: Requests placed last month | C1: Requests filled last month | D1: Requests cancelled after placement on hold shelf | E1: Requests cancelled while in transit | F1: Requests cancelled before an item was found | G1: Requests cancelled total | H1: Requests expired last month | I1: Requests placed by staff | J1: Requests placed in the OPAC
A2: Atchison Public Library
A3: Baldwin City Public Library
A4: Basehor Community Library
A5: Bern Community Library
A6: Bonner Springs City Library
A7: Burlingame Community Library
A8: Carbondale City Library
A9: Centralia Community Library
A10: Corning City Library
A11: Digital Content
A12: Doniphan County Library - Elwood
A13: Doniphan County Library - Highland
... A54: Winchester Public Library
A55: Doniphan County Library - Total | B55: =SUM(B12,B13,B14,B15) -> 0 | C55: =SUM(C12,C13,C14,C15) -> 0 | D55: =SUM(D12,D13,D14,D15) -> 0 | E55: =SUM(E12,E13,E14,E15) -> 0 | F55: =SUM(F12,F13,F14,F15) -> 0 | G55: =SUM(G12,G13,G14,G15) -> 0 | H55: =SUM(H12,H13,H14,H15) -> 0 | I55: =SUM(I12,I13,I14,I15) -> 0 | J55: =SUM(J12,J13,J14,J15) -> 0
A56: Prairie Hills Schools - Total | B56: =SUM(B40,B41,B42,B43) -> 0 | C56: =SUM(C40,C41,C42,C43) -> 0 | D56: =SUM(D40,D41,D42,D43) -> 0 | E56: =SUM(E40,E41,E42,E43) -> 0 | F56: =SUM(F40,F41,F42,F43) -> 0 | G56: =SUM(G40,G41,G42,G43) -> 0 | H56: =SUM(H40,H41,H42,H43) -> 0 | I56: =SUM(I40,I41,I42,I43) -> 0 | J56: =SUM(J40,J41,J42,J43) -> 0
A57: Next Search Catalog Total | B57: =SUM(B2:B54) -> 0 | C57: =SUM(C2:C54) -> 0 | D57: =SUM(D2:D54) -> 0 | E57: =SUM(E2:E54) -> 0 | F57: =SUM(F2:F54) -> 0 | G57: =SUM(G2:G54) -> 0 | H57: =SUM(H2:H54) -> 0 | I57: =SUM(I2:I54) -> 0 | J57: =SUM(J2:J54) -> 0

Sheet Yearly total
A1: ` | B1: Requests placed last month | C1: Requests filled last month | D1: Requests cancelled after placement on hold shelf | E1: Requests cancelled while in transit | F1: Requests cancelled before an item was found | G1: Requests cancelled total | H1: Requests expired last month | I1: Requests placed by staff | J1: Requests placed in the OPAC
A2: Atchison Public Library | B2: =SUM(January:December!B2) -> 26142 | C2: =SUM(January:December!C2) -> 11486 | D2: =SUM(January:December!D2) -> 830 | E2: =SUM(January:December!E2) -> 91 | F2: =SUM(January:December!F2) -> 452 | G2: =SUM(January:December!G2) -> 1373 | H2: =SUM(January:December!H2) -> 38 | I2: =SUM(January:December!I2) -> 3836 | J2: =SUM(January:December!J2) -> 22306
A3: Baldwin City Public Library | B3: =SUM(January:December!B3) -> 10846 | C3: =SUM(January:December!C3) -> 4702 | D3: =SUM(January:December!D3) -> 392 | E3: =SUM(January:December!E3) -> 46 | F3: =SUM(January:December!F3) -> 211 | G3: =SUM(January:December!G3) -> 649 | H3: =SUM(January:December!H3) -> 20 | I3: =SUM(January:December!I3) -> 1700 | J3: =SUM(January:December!J3) -> 9146
A4: Basehor Community Library | B4: =SUM(January:December!B4) -> 23682 | C4: =SUM(January:December!C4) -> 10278 | D4: =SUM(January:December!D4) -> 1160 | E4: =SUM(January:December!E4) -> 143 | F4: =SUM(January:December!F4) -> 800 | G4: =SUM(January:December!G4) -> 2103 | H4: =SUM(January:December!H4) -> 9 | I4: =SUM(January:December!I4) -> 3898 | J4: =SUM(January:December!J4) -> 19784
A5: Bern Community Library | B5: =SUM(January:December!B5) -> 275 | C5: =SUM(January:December!C5) -> 109 | D5: =SUM(January:December!D5) -> 16 | E5: =SUM(January:December!E5) -> 0 | F5: =SUM(January:December!F5) -> 7 | G5: =SUM(January:December!G5) -> 23 | H5: =SUM(January:December!H5) -> 0 | I5: =SUM(January:December!I5) -> 158 | J5: =SUM(January:December!J5) -> 117
A6: Bonner Springs City Library | B6: =SUM(January:December!B6) -> 24590 | C6: =SUM(January:December!C6) -> 9810 | D6: =SUM(January:December!D6) -> 2373 | E6: =SUM(January:December!E6) -> 49 | F6: =SUM(January:December!F6) -> 654 | G6: =SUM(January:December!G6) -> 3076 | H6: =SUM(January:December!H6) -> 145 | I6: =SUM(January:December!I6) -> 7268 | J6: =SUM(January:December!J6) -> 17322
A7: Burlingame Community Library | B7: =SUM(January:December!B7) -> 3730 | C7: =SUM(January:December!C7) -> 1644 | D7: =SUM(January:December!D7) -> 20 | E7: =SUM(January:December!E7) -> 2 | F7: =SUM(January:December!F7) -> 222 | G7: =SUM(January:December!G7) -> 244 | H7: =SUM(January:December!H7) -> 187 | I7: =SUM(January:December!I7) -> 1228 | J7: =SUM(January:December!J7) -> 2502
A8: Carbondale City Library | B8: =SUM(January:December!B8) -> 2096 | C8: =SUM(January:December!C8) -> 941 | D8: =SUM(January:December!D8) -> 57 | E8: =SUM(January:December!E8) -> 7 | F8: =SUM(January:December!F8) -> 46 | G8: =SUM(January:December!G8) -> 110 | H8: =SUM(January:December!H8) -> 3 | I8: =SUM(January:December!I8) -> 560 | J8: =SUM(January:December!J8) -> 1536
A9: Centralia Community Library | B9: =SUM(January:December!B9) -> 904 | C9: =SUM(January:December!C9) -> 443 | D9: =SUM(January:December!D9) -> 2 | E9: =SUM(January:December!E9) -> 0 | F9: =SUM(January:December!F9) -> 12 | G9: =SUM(January:December!G9) -> 14 | H9: =SUM(January:December!H9) -> 0 | I9: =SUM(January:December!I9) -> 218 | J9: =SUM(January:December!J9) -> 686
A10: Corning City Library | B10: =SUM(January:December!B10) -> 5 | C10: =SUM(January:December!C10) -> 4 | D10: =SUM(January:December!D10) -> 0 | E10: =SUM(January:December!E10) -> 0 | F10: =SUM(January:December!F10) -> 0 | G10: =SUM(January:December!G10) -> 0 | H10: =SUM(January:December!H10) -> 0 | I10: =SUM(January:December!I10) -> 4 | J10: =SUM(January:December!J10) -> 1
A11: Digital Content | B11: =SUM(January:December!B11) -> 0 | C11: =SUM(January:December!C11) -> 0 | D11: =SUM(January:December!D11) -> 1 | E11: =SUM(January:December!E11) -> 0 | F11: =SUM(January:December!F11) -> 0 | G11: =SUM(January:December!G11) -> 1 | H11: =SUM(January:December!H11) -> 0 | I11: =SUM(January:December!I11) -> 0 | J11: =SUM(January:December!J11) -> 0
A12: Doniphan County Library - Elwood | B12: =SUM(January:December!B12) -> 67 | C12: =SUM(January:December!C12) -> 52 | D12: =SUM(January:December!D12) -> 6 | E12: =SUM(January:December!E12) -> 0 | F12: =SUM(January:December!F12) -> 1 | G12: =SUM(January:December!G12) -> 7 | H12: =SUM(January:December!H12) -> 0 | I12: =SUM(January:December!I12) -> 45 | J12: =SUM(January:December!J12) -> 22
A13: Doniphan County Library - Highland | B13: =SUM(January:December!B13) -> 976 | C13: =SUM(January:December!C13) -> 436 | D13: =SUM(January:December!D13) -> 32 | E13: =SUM(January:December!E13) -> 4 | F13: =SUM(January:December!F13) -> 15 | G13: =SUM(January:December!G13) -> 51 | H13: =SUM(January:December!H13) -> 0 | I13: =SUM(January:December!I13) -> 436 | J13: =SUM(January:December!J13) -> 540
... A54: Winchester Public Library | B54: =SUM(January:December!B54) -> 6164 | C54: =SUM(January:December!C54) -> 2969 | D54: =SUM(January:December!D54) -> 60 | E54: =SUM(January:December!E54) -> 7 | F54: =SUM(January:December!F54) -> 80 | G54: =SUM(January:December!G54) -> 147 | H54: =SUM(January:December!H54) -> 6 | I54: =SUM(January:December!I54) -> 2012 | J54: =SUM(January:December!J54) -> 4152
A55: Doniphan County Library - Total | B55: =SUM(B12,B13,B14,B15) -> 5615 | C55: =SUM(C12,C13,C14,C15) -> 2602 | D55: =SUM(D12,D13,D14,D15) -> 163 | E55: =SUM(E12,E13,E14,E15) -> 32 | F55: =SUM(F12,F13,F14,F15) -> 179 | G55: =SUM(G12,G13,G14,G15) -> 374 | H55: =SUM(H12,H13,H14,H15) -> 11 | I55: =SUM(I12,I13,I14,I15) -> 2607 | J55: =SUM(J12,J13,J14,J15) -> 3008
A56: Prairie Hills Schools - Total | B56: =SUM(B40,B41,B42,B43) -> 1431 | C56: =SUM(C40,C41,C42,C43) -> 637 | D56: =SUM(D40,D41,D42,D43) -> 84 | E56: =SUM(E40,E41,E42,E43) -> 11 | F56: =SUM(F40,F41,F42,F43) -> 19 | G56: =SUM(G40,G41,G42,G43) -> 114 | H56: =SUM(H40,H41,H42,H43) -> 4 | I56: =SUM(I40,I41,I42,I43) -> 732 | J56: =SUM(J40,J41,J42,J43) -> 699
A57: Next Search Catalog Total | B57: =SUM(B2:B54) -> 324367 | C57: =SUM(C2:C54) -> 137564 | D57: =SUM(D2:D54) -> 16090 | E57: =SUM(E2:E54) -> 1312 | F57: =SUM(F2:F54) -> 8482 | G57: =SUM(G2:G54) -> 25884 | H57: =SUM(H2:H54) -> 1134 | I57: =SUM(I2:I54) -> 75884 | J57: =SUM(J2:J54) -> 248483
