Workbook

Sheet January
A1: branchname | B1: ITEM TYPE | C1: TOTAL ITEMS | D1: ADULT ITEMS | E1: YOUNG ADULT ITEMS | F1: JUVENILE ITEMS | G1: TOTAL ADDED LM | H1: ADULT ADDED LM | I1: YOUNG ADULT ADDED LM | J1: JUVENILE ADDED LM | K1: TOTAL DELETED LM | L1: ADULT DELETED LM | M1: YOUNG ADULT DELETED LM | N1: JUVENILE DELETED LM
A2: Atchison Public Library | B2: (Unclassified)
A3: Atchison Public Library | B3: Audiobook (CDs or cassettes) | C3: 2538 | D3: 2476 | E3: 2 | F3: 60 | K3: 1
A4: Atchison Public Library | B4: Audiobook (digital media)
A5: Atchison Public Library | B5: Audiobook (new) | C5: 37 | D5: 37 | G5: 8 | H5: 8
A6: Atchison Public Library | B6: Audiobook (preloaded player) | C6: 7 | D6: 7 | G6: 7 | H6: 7
A7: Atchison Public Library | B7: Book | C7: 51303 | D7: 31833 | E7: 4919 | F7: 14551 | G7: 31 | H7: 17 | J7: 14 | K7: 240
A8: Atchison Public Library | B8: Book - School District 454
A9: Atchison Public Library | B9: Book (local requests only)
A10: Atchison Public Library | B10: Book (new) | C10: 1053 | D10: 659 | E10: 114 | F10: 280 | G10: 149 | H10: 121 | J10: 28 | K10: 1
A11: Atchison Public Library | B11: Book (no requests allowed)
A12: Atchison Public Library | B12: Book club set
A13: Atchison Public Library | B13: Bundle
A14: Atchison Public Library | B14: Computers and internet - Laptop computer
A15: Atchison Public Library | B15: Computers and internet - Launchpad tablet | C15: 1 | F15: 1
A16: Atchison Public Library | B16: Computers and internet - Public computer
A17: Atchison Public Library | B17: Computers and internet - Software
A18: Atchison Public Library | B18: Computers and internet - Tablets, e-readers, and personal computing devices
A19: Atchison Public Library | B19: Computers and internet - Wireless internet hotspot
A20: Atchison Public Library | B20: E-content - Digital content
A21: Atchison Public Library | B21: Inter-library loan | C21: 55 | D21: 50 | F21: 5 | G21: 12 | H21: 12 | K21: 32 | L21: 7
A22: Atchison Public Library | B22: Inter-library loan - 07 day loan
A23: Atchison Public Library | B23: Inter-library loan - 14 day loan
A24: Atchison Public Library | B24: Inter-library loan - 21 day loan
A25: Atchison Public Library | B25: Inter-library loan - 28 day loan
A26: Atchison Public Library | B26: Key
A27: Atchison Public Library | B27: Kit or multi-part set | C27: 24 | D27: 5 | E27: 1 | F27: 18
A28: Atchison Public Library | B28: Magazine
A29: Atchison Public Library | B29: Magazine (new)
A30: Atchison Public Library | B30: Music | C30: 3 | D30: 3
A31: Atchison Public Library | B31: Pamphlet
A32: Atchison Public Library | B32: Reference material | C32: 1126 | D32: 1124 | F32: 2 | G32: 5 | H32: 5
A33: Atchison Public Library | B33: Reserve desk - Highland Community College
A34: Atchison Public Library | B34: Room
A35: Atchison Public Library | B35: Special collections (local requests only) | C35: 180 | D35: 122 | F35: 58 | K35: 2
A36: Atchison Public Library | B36: Special collections (no requests allowed) | C36: 7 | D36: 5 | E36: 1 | F36: 1
A37: Atchison Public Library | B37: Story walk
A38: Atchison Public Library | B38: Things - Artwork
A39: Atchison Public Library | B39: Things - Audio-visual equipment | C39: 7 | F39: 7 | G39: 3 | J39: 3
A40: Atchison Public Library | B40: Things - Bicycles (and bicycle accessories)
A41: Atchison Public Library | B41: Things - Board games, dolls, puzzles, and toys | C41: 188 | D41: 184 | E41: 2 | F41: 2 | G41: 3 | H41: 1 | J41: 2 | K41: 2
A42: Atchison Public Library | B42: Things - Clothing, costumes, and masks
A43: Atchison Public Library | B43: Things - Cooking equipment | C43: 77 | D43: 3 | F43: 74
A44: Atchison Public Library | B44: Things - Die cut equipment
A45: Atchison Public Library | B45: Things - Electronic Media Player | C45: 2 | F45: 2
A46: Atchison Public Library | B46: Things - Equipment | C46: 5 | F46: 5
A47: Atchison Public Library | B47: Things - Museum pass / event pass
A48: Atchison Public Library | B48: Things - Musical insturments and accessories
A49: Atchison Public Library | B49: Things - Recreation and sports
A50: Atchison Public Library | B50: Things - Tools
A51: Atchison Public Library | B51: Video | C51: 4889 | D51: 3985 | E51: 1 | F51: 903 | K51: 56
A52: Atchison Public Library | B52: Video (Local requests only)
A53: Atchison Public Library | B53: Video (New) | C53: 125 | D53: 108 | F53: 17 | G53: 2 | H53: 2 | K53: 2
A54: Atchison Public Library | B54: Video (No requests allowed)
A55: Atchison Public Library | B55: Video (Television) | C55: 977 | D55: 871 | F55: 106 | K55: 1
A56: Atchison Public Library | B56: Video game | C56: 18 | D56: 14 | E56: 4
A57: Baldwin City Public Library | B57: (Unclassified)
A58: Baldwin City Public Library | B58: Audiobook (CDs or cassettes) | C58: 325 | D58: 271 | F58: 54
A59: Baldwin City Public Library | B59: Audiobook (digital media)
A60: Baldwin City Public Library | B60: Audiobook (new)
A61: Baldwin City Public Library | B61: Audiobook (preloaded player)
A62: Baldwin City Public Library | B62: Book | C62: 23040 | D62: 11498 | E62: 1665 | F62: 9877 | G62: 109 | H62: 48 | I62: 9 | J62: 52 | K62: 31
A63: Baldwin City Public Library | B63: Book - School District 454
A64: Baldwin City Public Library | B64: Book (local requests only) | C64: 5 | D64: 3 | F64: 2
A65: Baldwin City Public Library | B65: Book (new) | C65: 1 | F65: 1
A66: Baldwin City Public Library | B66: Book (no requests allowed)
A67: Baldwin City Public Library | B67: Book club set | C67: 1 | D67: 1
A68: Baldwin City Public Library | B68: Bundle
A69: Baldwin City Public Library | B69: Computers and internet - Laptop computer | C69: 20 | D69: 19 | F69: 1
A70: Baldwin City Public Library | B70: Computers and internet - Launchpad tablet | C70: 2 | F70: 2
A71: Baldwin City Public Library | B71: Computers and internet - Public computer | C71: 9 | D71: 9
A72: Baldwin City Public Library | B72: Computers and internet - Software
A73: Baldwin City Public Library | B73: Computers and internet - Tablets, e-readers, and personal computing devices
A74: Baldwin City Public Library | B74: Computers and internet - Wireless internet hotspot
A75: Baldwin City Public Library | B75: E-content - Digital content
A76: Baldwin City Public Library | B76: Inter-library loan | C76: 10 | D76: 9 | F76: 1 | G76: 2 | H76: 2 | K76: 5 | L76: 1
A77: Baldwin City Public Library | B77: Inter-library loan - 07 day loan
A78: Baldwin City Public Library | B78: Inter-library loan - 14 day loan
A79: Baldwin City Public Library | B79: Inter-library loan - 21 day loan
A80: Baldwin City Public Library | B80: Inter-library loan - 28 day loan
A81: Baldwin City Public Library | B81: Key | C81: 2 | D81: 2
A82: Baldwin City Public Library | B82: Kit or multi-part set | C82: 13 | D82: 6 | F82: 7 | K82: 1
A83: Baldwin City Public Library | B83: Magazine | C83: 42 | D83: 37 | E83: 3 | F83: 2 | G83: 3 | H83: 3
A84: Baldwin City Public Library | B84: Magazine (new)
A85: Baldwin City Public Library | B85: Music | C85: 2 | D85: 2
A86: Baldwin City Public Library | B86: Pamphlet | C86: 77 | D86: 77
A87: Baldwin City Public Library | B87: Reference material | C87: 299 | D87: 299 | G87: 1 | H87: 1 | K87: 1
A88: Baldwin City Public Library | B88: Reserve desk - Highland Community College
A89: Baldwin City Public Library | B89: Room
A90: Baldwin City Public Library | B90: Special collections (local requests only) | C90: 46 | D90: 20 | E90: 3 | F90: 23
A91: Baldwin City Public Library | B91: Special collections (no requests allowed) | C91: 17 | D91: 17
A92: Baldwin City Public Library | B92: Story walk
A93: Baldwin City Public Library | B93: Things - Artwork
A94: Baldwin City Public Library | B94: Things - Audio-visual equipment | C94: 3 | D94: 3
A95: Baldwin City Public Library | B95: Things - Bicycles (and bicycle accessories) | C95: 5 | D95: 5
A96: Baldwin City Public Library | B96: Things - Board games, dolls, puzzles, and toys
A97: Baldwin City Public Library | B97: Things - Clothing, costumes, and masks
A98: Baldwin City Public Library | B98: Things - Cooking equipment | C98: 5 | D98: 5
A99: Baldwin City Public Library | B99: Things - Die cut equipment
A100: Baldwin City Public Library | B100: Things - Electronic Media Player
...

Sheet February
A1: branchname | B1: ITEM TYPE | C1: TOTAL ITEMS | D1: ADULT ITEMS | E1: YOUNG ADULT ITEMS | F1: JUVENILE ITEMS | G1: TOTAL ADDED LM | H1: ADULT ADDED LM | I1: YOUNG ADULT ADDED LM | J1: JUVENILE ADDED LM | K1: TOTAL DELETED LM | L1: ADULT DELETED LM | M1: YOUNG ADULT DELETED LM | N1: JUVENILE DELETED LM
A2: Atchison Public Library | B2: (Unclassified)
A3: Atchison Public Library | B3: Audiobook (CDs or cassettes) | C3: 2541 | D3: 2479 | E3: 2 | F3: 60
A4: Atchison Public Library | B4: Audiobook (digital media)
A5: Atchison Public Library | B5: Audiobook (new) | C5: 34 | D5: 34
A6: Atchison Public Library | B6: Audiobook (preloaded player) | C6: 7 | D6: 7
A7: Atchison Public Library | B7: Book | C7: 51419 | D7: 31948 | E7: 4946 | F7: 14525 | G7: 23 | H7: 20 | I7: 1 | J7: 2 | K7: 119
A8: Atchison Public Library | B8: Book - School District 454
A9: Atchison Public Library | B9: Book (local requests only)
A10: Atchison Public Library | B10: Book (new) | C10: 1016 | D10: 666 | E10: 112 | F10: 238 | G10: 186 | H10: 155 | I10: 31 | K10: 6
A11: Atchison Public Library | B11: Book (no requests allowed)
A12: Atchison Public Library | B12: Book club set
A13: Atchison Public Library | B13: Bundle
A14: Atchison Public Library | B14: Computers and internet - Laptop computer
A15: Atchison Public Library | B15: Computers and internet - Launchpad tablet | C15: 1 | F15: 1
A16: Atchison Public Library | B16: Computers and internet - Public computer
A17: Atchison Public Library | B17: Computers and internet - Software
A18: Atchison Public Library | B18: Computers and internet - Tablets, e-readers, and personal computing devices
A19: Atchison Public Library | B19: Computers and internet - Wireless internet hotspot
A20: Atchison Public Library | B20: E-content - Digital content
A21: Atchison Public Library | B21: Inter-library loan | C21: 53 | D21: 48 | F21: 5 | G21: 12 | H21: 12 | K21: 20 | L21: 7
A22: Atchison Public Library | B22: Inter-library loan - 07 day loan
A23: Atchison Public Library | B23: Inter-library loan - 14 day loan
A24: Atchison Public Library | B24: Inter-library loan - 21 day loan
A25: Atchison Public Library | B25: Inter-library loan - 28 day loan
A26: Atchison Public Library | B26: Key
A27: Atchison Public Library | B27: Kit or multi-part set | C27: 24 | D27: 5 | E27: 1 | F27: 18
A28: Atchison Public Library | B28: Magazine
A29: Atchison Public Library | B29: Magazine (new)
A30: Atchison Public Library | B30: Music | C30: 3 | D30: 3
A31: Atchison Public Library | B31: Pamphlet
A32: Atchison Public Library | B32: Reference material | C32: 1126 | D32: 1124 | F32: 2
A33: Atchison Public Library | B33: Reserve desk - Highland Community College
A34: Atchison Public Library | B34: Room
A35: Atchison Public Library | B35: Special collections (local requests only) | C35: 194 | D35: 111 | F35: 83 | G35: 7 | H35: 2 | J35: 5 | K35: 1
A36: Atchison Public Library | B36: Special collections (no requests allowed) | C36: 7 | D36: 5 | E36: 1 | F36: 1
A37: Atchison Public Library | B37: Story walk
A38: Atchison Public Library | B38: Things - Artwork
A39: Atchison Public Library | B39: Things - Audio-visual equipment
A40: Atchison Public Library | B40: Things - Bicycles (and bicycle accessories)
A41: Atchison Public Library | B41: Things - Board games, dolls, puzzles, and toys | C41: 184 | D41: 170 | E41: 2 | F41: 12 | K41: 2
A42: Atchison Public Library | B42: Things - Clothing, costumes, and masks
A43: Atchison Public Library | B43: Things - Cooking equipment | C43: 77 | D43: 3 | F43: 74
A44: Atchison Public Library | B44: Things - Die cut equipment
A45: Atchison Public Library | B45: Things - Electronic Media Player | C45: 2 | F45: 2
A46: Atchison Public Library | B46: Things - Equipment | C46: 5 | F46: 5
A47: Atchison Public Library | B47: Things - Museum pass / event pass
A48: Atchison Public Library | B48: Things - Musical insturments and accessories
A49: Atchison Public Library | B49: Things - Recreation and sports
A50: Atchison Public Library | B50: Things - Tools
A51: Atchison Public Library | B51: Video | C51: 4895 | D51: 3992 | E51: 1 | F51: 902 | K51: 6
A52: Atchison Public Library | B52: Video (Local requests only)
A53: Atchison Public Library | B53: Video (New) | C53: 131 | D53: 97 | F53: 34 | G53: 23 | H53: 5 | J53: 18
A54: Atchison Public Library | B54: Video (No requests allowed)
A55: Atchison Public Library | B55: Video (Television) | C55: 982 | D55: 876 | F55: 106
A56: Atchison Public Library | B56: Video game | C56: 18 | D56: 14 | E56: 4
A57: Baldwin City Public Library | B57: (Unclassified)
A58: Baldwin City Public Library | B58: Audiobook (CDs or cassettes) | C58: 317 | D58: 263 | F58: 54 | K58: 8
A59: Baldwin City Public Library | B59: Audiobook (digital media)
A60: Baldwin City Public Library | B60: Audiobook (new)
A61: Baldwin City Public Library | B61: Audiobook (preloaded player)
A62: Baldwin City Public Library | B62: Book | C62: 23060 | D62: 11508 | E62: 1648 | F62: 9904 | G62: 111 | H62: 49 | I62: 3 | J62: 59 | K62: 111 | L62: 1
A63: Baldwin City Public Library | B63: Book - School District 454
A64: Baldwin City Public Library | B64: Book (local requests only) | C64: 1 | D64: 1
A65: Baldwin City Public Library | B65: Book (new) | C65: 1 | F65: 1
A66: Baldwin City Public Library | B66: Book (no requests allowed)
A67: Baldwin City Public Library | B67: Book club set | C67: 1 | D67: 1
A68: Baldwin City Public Library | B68: Bundle
A69: Baldwin City Public Library | B69: Computers and internet - Laptop computer | C69: 20 | D69: 19 | F69: 1
A70: Baldwin City Public Library | B70: Computers and internet - Launchpad tablet | C70: 2 | F70: 2
A71: Baldwin City Public Library | B71: Computers and internet - Public computer | C71: 9 | D71: 9
A72: Baldwin City Public Library | B72: Computers and internet - Software
A73: Baldwin City Public Library | B73: Computers and internet - Tablets, e-readers, and personal computing devices
A74: Baldwin City Public Library | B74: Computers and internet - Wireless internet hotspot
A75: Baldwin City Public Library | B75: E-content - Digital content
A76: Baldwin City Public Library | B76: Inter-library loan | C76: 10 | D76: 9 | F76: 1 | G76: 7 | H76: 7 | K76: 8 | L76: 1
A77: Baldwin City Public Library | B77: Inter-library loan - 07 day loan
A78: Baldwin City Public Library | B78: Inter-library loan - 14 day loan
A79: Baldwin City Public Library | B79: Inter-library loan - 21 day loan
A80: Baldwin City Public Library | B80: Inter-library loan - 28 day loan
A81: Baldwin City Public Library | B81: Key | C81: 2 | D81: 2
A82: Baldwin City Public Library | B82: Kit or multi-part set | C82: 12 | D82: 5 | F82: 7 | K82: 1
A83: Baldwin City Public Library | B83: Magazine | C83: 32 | D83: 27 | E83: 3 | F83: 2 | G83: 5 | H83: 5 | K83: 15
A84: Baldwin City Public Library | B84: Magazine (new)
A85: Baldwin City Public Library | B85: Music | C85: 2 | D85: 2
A86: Baldwin City Public Library | B86: Pamphlet | C86: 77 | D86: 77
A87: Baldwin City Public Library | B87: Reference material | C87: 288 | D87: 288 | K87: 11
A88: Baldwin City Public Library | B88: Reserve desk - Highland Community College
A89: Baldwin City Public Library | B89: Room
A90: Baldwin City Public Library | B90: Special collections (local requests only) | C90: 45 | D90: 19 | E90: 3 | F90: 23 | K90: 1
A91: Baldwin City Public Library | B91: Special collections (no requests allowed) | C91: 17 | D91: 17
A92: Baldwin City Public Library | B92: Story walk
A93: Baldwin City Public Library | B93: Things - Artwork
A94: Baldwin City Public Library | B94: Things - Audio-visual equipment | C94: 3 | D94: 3
A95: Baldwin City Public Library | B95: Things - Bicycles (and bicycle accessories) | C95: 5 | D95: 5
A96: Baldwin City Public Library | B96: Things - Board games, dolls, puzzles, and toys
A97: Baldwin City Public Library | B97: Things - Clothing, costumes, and masks
A98: Baldwin City Public Library | B98: Things - Cooking equipment | C98: 5 | D98: 5
A99: Baldwin City Public Library | B99: Things - Die cut equipment
A100: Baldwin City Public Library | B100: Things - Electronic Media Player
...

Sheet March
A1: branchname | B1: ITEM TYPE | C1: TOTAL ITEMS | D1: ADULT ITEMS | E1: YOUNG ADULT ITEMS | F1: JUVENILE ITEMS | G1: TOTAL ADDED LM | H1: ADULT ADDED LM | I1: YOUNG ADULT ADDED LM | J1: JUVENILE ADDED LM | K1: TOTAL DELETED LM | L1: ADULT DELETED LM | M1: YOUNG ADULT DELETED LM | N1: JUVENILE DELETED LM
A2: Atchison Public Library | B2: (Unclassified)
A3: Atchison Public Library | B3: Audiobook (CDs or cassettes) | C3: 2541 | D3: 2479 | E3: 2 | F3: 60
A4: Atchison Public Library | B4: Audiobook (digital media)
A5: Atchison Public Library | B5: Audiobook (new) | C5: 35 | D5: 35 | G5: 1 | H5: 1
A6: Atchison Public Library | B6: Audiobook (preloaded player) | C6: 7 | D6: 7
A7: Atchison Public Library | B7: Book | C7: 51735 | D7: 32159 | E7: 4997 | F7: 14579 | G7: 19 | H7: 13 | I7: 2 | J7: 4 | K7: 16
A8: Atchison Public Library | B8: Book - School District 454
A9: Atchison Public Library | B9: Book (local requests only)
A10: Atchison Public Library | B10: Book (new) | C10: 961 | D10: 655 | E10: 87 | F10: 219 | G10: 252 | H10: 197 | I10: 23 | J10: 32 | K10: 1
A11: Atchison Public Library | B11: Book (no requests allowed)
A12: Atchison Public Library | B12: Book club set
A13: Atchison Public Library | B13: Bundle
A14: Atchison Public Library | B14: Computers and internet - Laptop computer
A15: Atchison Public Library | B15: Computers and internet - Launchpad tablet | C15: 1 | F15: 1
A16: Atchison Public Library | B16: Computers and internet - Public computer
A17: Atchison Public Library | B17: Computers and internet - Software
A18: Atchison Public Library | B18: Computers and internet - Tablets, e-readers, and personal computing devices
A19: Atchison Public Library | B19: Computers and internet - Wireless internet hotspot
A20: Atchison Public Library | B20: E-content - Digital content
A21: Atchison Public Library | B21: Inter-library loan | C21: 50 | D21: 45 | F21: 5 | G21: 15 | H21: 15 | K21: 29 | L21: 10
A22: Atchison Public Library | B22: Inter-library loan - 07 day loan
A23: Atchison Public Library | B23: Inter-library loan - 14 day loan
A24: Atchison Public Library | B24: Inter-library loan - 21 day loan
A25: Atchison Public Library | B25: Inter-library loan - 28 day loan
A26: Atchison Public Library | B26: Key
A27: Atchison Public Library | B27: Kit or multi-part set | C27: 24 | D27: 5 | E27: 1 | F27: 18
A28: Atchison Public Library | B28: Magazine
A29: Atchison Public Library | B29: Magazine (new)
A30: Atchison Public Library | B30: Music | C30: 3 | D30: 3
A31: Atchison Public Library | B31: Pamphlet
A32: Atchison Public Library | B32: Reference material | C32: 1131 | D32: 1129 | F32: 2 | G32: 5 | H32: 5
A33: Atchison Public Library | B33: Reserve desk - Highland Community College
A34: Atchison Public Library | B34: Room
A35: Atchison Public Library | B35: Special collections (local requests only) | C35: 225 | D35: 140 | F35: 85 | G35: 9 | H35: 9 | K35: 1
A36: Atchison Public Library | B36: Special collections (no requests allowed) | C36: 6 | D36: 4 | E36: 1 | F36: 1
A37: Atchison Public Library | B37: Story walk
A38: Atchison Public Library | B38: Things - Artwork
A39: Atchison Public Library | B39: Things - Audio-visual equipment
A40: Atchison Public Library | B40: Things - Bicycles (and bicycle accessories)
A41: Atchison Public Library | B41: Things - Board games, dolls, puzzles, and toys | C41: 166 | D41: 150 | E41: 2 | F41: 14 | G41: 4 | H41: 4 | K41: 2
A42: Atchison Public Library | B42: Things - Clothing, costumes, and masks
A43: Atchison Public Library | B43: Things - Cooking equipment | C43: 77 | D43: 3 | F43: 74
A44: Atchison Public Library | B44: Things - Die cut equipment
A45: Atchison Public Library | B45: Things - Electronic Media Player | C45: 2 | F45: 2
A46: Atchison Public Library | B46: Things - Equipment | C46: 5 | F46: 5
A47: Atchison Public Library | B47: Things - Museum pass / event pass
A48: Atchison Public Library | B48: Things - Musical insturments and accessories
A49: Atchison Public Library | B49: Things - Recreation and sports
A50: Atchison Public Library | B50: Things - Tools
A51: Atchison Public Library | B51: Video | C51: 4910 | D51: 4002 | E51: 1 | F51: 907 | G51: 5 | H51: 3 | J51: 2 | K51: 3
A52: Atchison Public Library | B52: Video (Local requests only)
A53: Atchison Public Library | B53: Video (New) | C53: 134 | D53: 99 | F53: 35 | G53: 21 | H53: 17 | J53: 4 | K53: 3
A54: Atchison Public Library | B54: Video (No requests allowed)
A55: Atchison Public Library | B55: Video (Television) | C55: 985 | D55: 879 | F55: 106
A56: Atchison Public Library | B56: Video game | C56: 18 | D56: 14 | E56: 4
A57: Baldwin City Public Library | B57: (Unclassified)
A58: Baldwin City Public Library | B58: Audiobook (CDs or cassettes) | C58: 317 | D58: 263 | F58: 54
A59: Baldwin City Public Library | B59: Audiobook (digital media)
A60: Baldwin City Public Library | B60: Audiobook (new)
A61: Baldwin City Public Library | B61: Audiobook (preloaded player)
A62: Baldwin City Public Library | B62: Book | C62: 23085 | D62: 11535 | E62: 1652 | F62: 9898 | G62: 98 | H62: 38 | I62: 9 | J62: 51 | K62: 61
A63: Baldwin City Public Library | B63: Book - School District 454
A64: Baldwin City Public Library | B64: Book (local requests only)
A65: Baldwin City Public Library | B65: Book (new) | C65: 1 | F65: 1
A66: Baldwin City Public Library | B66: Book (no requests allowed)
A67: Baldwin City Public Library | B67: Book club set | C67: 1 | D67: 1
A68: Baldwin City Public Library | B68: Bundle
A69: Baldwin City Public Library | B69: Computers and internet - Laptop computer | C69: 20 | D69: 19 | F69: 1
A70: Baldwin City Public Library | B70: Computers and internet - Launchpad tablet | C70: 2 | F70: 2
A71: Baldwin City Public Library | B71: Computers and internet - Public computer | C71: 9 | D71: 9
A72: Baldwin City Public Library | B72: Computers and internet - Software
A73: Baldwin City Public Library | B73: Computers and internet - Tablets, e-readers, and personal computing devices
A74: Baldwin City Public Library | B74: Computers and internet - Wireless internet hotspot
A75: Baldwin City Public Library | B75: E-content - Digital content
A76: Baldwin City Public Library | B76: Inter-library loan | C76: 8 | D76: 7 | F76: 1 | G76: 6 | H76: 6 | K76: 9 | L76: 1
A77: Baldwin City Public Library | B77: Inter-library loan - 07 day loan
A78: Baldwin City Public Library | B78: Inter-library loan - 14 day loan
A79: Baldwin City Public Library | B79: Inter-library loan - 21 day loan
A80: Baldwin City Public Library | B80: Inter-library loan - 28 day loan
A81: Baldwin City Public Library | B81: Key | C81: 2 | D81: 2
A82: Baldwin City Public Library | B82: Kit or multi-part set | C82: 12 | D82: 5 | F82: 7
A83: Baldwin City Public Library | B83: Magazine | C83: 33 | D83: 28 | E83: 3 | F83: 2 | G83: 2 | H83: 2 | K83: 1
A84: Baldwin City Public Library | B84: Magazine (new)
A85: Baldwin City Public Library | B85: Music | C85: 2 | D85: 2
A86: Baldwin City Public Library | B86: Pamphlet | C86: 77 | D86: 77
A87: Baldwin City Public Library | B87: Reference material | C87: 291 | D87: 291 | G87: 6 | H87: 6 | K87: 6
A88: Baldwin City Public Library | B88: Reserve desk - Highland Community College
A89: Baldwin City Public Library | B89: Room
A90: Baldwin City Public Library | B90: Special collections (local requests only) | C90: 45 | D90: 19 | E90: 3 | F90: 23
A91: Baldwin City Public Library | B91: Special collections (no requests allowed) | C91: 17 | D91: 17
A92: Baldwin City Public Library | B92: Story walk
A93: Baldwin City Public Library | B93: Things - Artwork
A94: Baldwin City Public Library | B94: Things - Audio-visual equipment | C94: 3 | D94: 3
A95: Baldwin City Public Library | B95: Things - Bicycles (and bicycle accessories) | C95: 5 | D95: 5
A96: Baldwin City Public Library | B96: Things - Board games, dolls, puzzles, and toys
A97: Baldwin City Public Library | B97: Things - Clothing, costumes, and masks
A98: Baldwin City Public Library | B98: Things - Cooking equipment | C98: 5 | D98: 5
A99: Baldwin City Public Library | B99: Things - Die cut equipment
A100: Baldwin City Public Library | B100: Things - Electronic Media Player
...

Sheet April
A1: branchname | B1: ITEM TYPE | C1: TOTAL ITEMS | D1: ADULT ITEMS | E1: YOUNG ADULT ITEMS | F1: JUVENILE ITEMS | G1: TOTAL ADDED LM | H1: ADULT ADDED LM | I1: YOUNG ADULT ADDED LM | J1: JUVENILE ADDED LM | K1: TOTAL DELETED LM | L1: ADULT DELETED LM | M1: YOUNG ADULT DELETED LM | N1: JUVENILE DELETED LM
A2: Atchison Public Library | B2: (Unclassified)
A3: Atchison Public Library | B3: Audiobook (CDs or cassettes) | C3: 2546 | D3: 2484 | E3: 2 | F3: 60 | G3: 5 | H3: 5
A4: Atchison Public Library | B4: Audiobook (digital media)
A5: Atchison Public Library | B5: Audiobook (new) | C5: 36 | D5: 36 | G5: 1 | H5: 1
A6: Atchison Public Library | B6: Audiobook (preloaded player) | C6: 7 | D6: 7
A7: Atchison Public Library | B7: Book | C7: 51846 | D7: 32224 | E7: 4999 | F7: 14623 | G7: 18 | H7: 12 | I7: 2 | J7: 4 | K7: 58
A8: Atchison Public Library | B8: Book - School District 454
A9: Atchison Public Library | B9: Book (local requests only)
A10: Atchison Public Library | B10: Book (new) | C10: 1056 | D10: 733 | E10: 127 | F10: 196 | G10: 248 | H10: 179 | I10: 43 | J10: 26 | K10: 3 | L10: 1
A11: Atchison Public Library | B11: Book (no requests allowed)
A12: Atchison Public Library | B12: Book club set
A13: Atchison Public Library | B13: Bundle
A14: Atchison Public Library | B14: Computers and internet - Laptop computer
A15: Atchison Public Library | B15: Computers and internet - Launchpad tablet | C15: 1 | F15: 1
A16: Atchison Public Library | B16: Computers and internet - Public computer
A17: Atchison Public Library | B17: Computers and internet - Software
A18: Atchison Public Library | B18: Computers and internet - Tablets, e-readers, and personal computing devices
A19: Atchison Public Library | B19: Computers and internet - Wireless internet hotspot
A20: Atchison Public Library | B20: E-content - Digital content
A21: Atchison Public Library | B21: Inter-library loan | C21: 45 | D21: 40 | F21: 5 | G21: 8 | H21: 8 | K21: 19 | L21: 6
A22: Atchison Public Library | B22: Inter-library loan - 07 day loan
A23: Atchison Public Library | B23: Inter-library loan - 14 day loan
A24: Atchison Public Library | B24: Inter-library loan - 21 day loan
A25: Atchison Public Library | B25: Inter-library loan - 28 day loan
A26: Atchison Public Library | B26: Key
A27: Atchison Public Library | B27: Kit or multi-part set | C27: 23 | D27: 4 | E27: 1 | F27: 18 | K27: 1
A28: Atchison Public Library | B28: Magazine
A29: Atchison Public Library | B29: Magazine (new)
A30: Atchison Public Library | B30: Music | C30: 3 | D30: 3
A31: Atchison Public Library | B31: Pamphlet
A32: Atchison Public Library | B32: Reference material | C32: 1131 | D32: 1129 | F32: 2
A33: Atchison Public Library | B33: Reserve desk - Highland Community College
A34: Atchison Public Library | B34: Room
A35: Atchison Public Library | B35: Special collections (local requests only) | C35: 230 | D35: 143 | F35: 87 | G35: 5 | H35: 4 | J35: 1 | K35: 1
A36: Atchison Public Library | B36: Special collections (no requests allowed) | C36: 6 | D36: 4 | E36: 1 | F36: 1
A37: Atchison Public Library | B37: Story walk
A38: Atchison Public Library | B38: Things - Artwork
A39: Atchison Public Library | B39: Things - Audio-visual equipment
A40: Atchison Public Library | B40: Things - Bicycles (and bicycle accessories)
A41: Atchison Public Library | B41: Things - Board games, dolls, puzzles, and toys | C41: 165 | D41: 150 | E41: 2 | F41: 13
A42: Atchison Public Library | B42: Things - Clothing, costumes, and masks
A43: Atchison Public Library | B43: Things - Cooking equipment | C43: 77 | D43: 3 | F43: 74
A44: Atchison Public Library | B44: Things - Die cut equipment
A45: Atchison Public Library | B45: Things - Electronic Media Player | C45: 2 | F45: 2
A46: Atchison Public Library | B46: Things - Equipment | C46: 5 | F46: 5
A47: Atchison Public Library | B47: Things - Museum pass / event pass
A48: Atchison Public Library | B48: Things - Musical insturments and accessories
A49: Atchison Public Library | B49: Things - Recreation and sports
A50: Atchison Public Library | B50: Things - Tools
A51: Atchison Public Library | B51: Video | C51: 4910 | D51: 4001 | E51: 1 | F51: 908 | K51: 1
A52: Atchison Public Library | B52: Video (Local requests only)
A53: Atchison Public Library | B53: Video (New) | C53: 137 | D53: 104 | F53: 33 | G53: 6 | H53: 6 | K53: 1
A54: Atchison Public Library | B54: Video (No requests allowed)
A55: Atchison Public Library | B55: Video (Television) | C55: 985 | D55: 879 | F55: 106
A56: Atchison Public Library | B56: Video game | C56: 18 | D56: 14 | E56: 4
A57: Baldwin City Public Library | B57: (Unclassified)
A58: Baldwin City Public Library | B58: Audiobook (CDs or cassettes) | C58: 317 | D58: 263 | F58: 54
A59: Baldwin City Public Library | B59: Audiobook (digital media)
A60: Baldwin City Public Library | B60: Audiobook (new)
A61: Baldwin City Public Library | B61: Audiobook (preloaded player)
A62: Baldwin City Public Library | B62: Book | C62: 23188 | D62: 11559 | E62: 1662 | F62: 9967 | G62: 133 | H62: 49 | I62: 9 | J62: 75 | K62: 27 | L62: 1 | N62: 1
A63: Baldwin City Public Library | B63: Book - School District 454
A64: Baldwin City Public Library | B64: Book (local requests only) | C64: 3 | D64: 3 | G64: 3 | H64: 3
A65: Baldwin City Public Library | B65: Book (new) | C65: 1 | F65: 1
A66: Baldwin City Public Library | B66: Book (no requests allowed)
A67: Baldwin City Public Library | B67: Book club set | C67: 1 | D67: 1
A68: Baldwin City Public Library | B68: Bundle
A69: Baldwin City Public Library | B69: Computers and internet - Laptop computer | C69: 20 | D69: 19 | F69: 1
A70: Baldwin City Public Library | B70: Computers and internet - Launchpad tablet | C70: 2 | F70: 2
A71: Baldwin City Public Library | B71: Computers and internet - Public computer | C71: 9 | D71: 9
A72: Baldwin City Public Library | B72: Computers and internet - Software
A73: Baldwin City Public Library | B73: Computers and internet - Tablets, e-readers, and personal computing devices
A74: Baldwin City Public Library | B74: Computers and internet - Wireless internet hotspot
A75: Baldwin City Public Library | B75: E-content - Digital content
A76: Baldwin City Public Library | B76: Inter-library loan | C76: 10 | D76: 9 | F76: 1 | G76: 6 | H76: 6 | K76: 7 | L76: 3
A77: Baldwin City Public Library | B77: Inter-library loan - 07 day loan
A78: Baldwin City Public Library | B78: Inter-library loan - 14 day loan
A79: Baldwin City Public Library | B79: Inter-library loan - 21 day loan
A80: Baldwin City Public Library | B80: Inter-library loan - 28 day loan
A81: Baldwin City Public Library | B81: Key | C81: 2 | D81: 2
A82: Baldwin City Public Library | B82: Kit or multi-part set | C82: 12 | D82: 5 | F82: 7
A83: Baldwin City Public Library | B83: Magazine | C83: 35 | D83: 28 | E83: 3 | F83: 4 | G83: 5 | H83: 3 | J83: 2 | K83: 3
A84: Baldwin City Public Library | B84: Magazine (new)
A85: Baldwin City Public Library | B85: Music | C85: 2 | D85: 2
A86: Baldwin City Public Library | B86: Pamphlet | C86: 77 | D86: 77
A87: Baldwin City Public Library | B87: Reference material | C87: 291 | D87: 291
A88: Baldwin City Public Library | B88: Reserve desk - Highland Community College
A89: Baldwin City Public Library | B89: Room
A90: Baldwin City Public Library | B90: Special collections (local requests only) | C90: 45 | D90: 19 | E90: 3 | F90: 23
A91: Baldwin City Public Library | B91: Special collections (no requests allowed) | C91: 17 | D91: 17
A92: Baldwin City Public Library | B92: Story walk
A93: Baldwin City Public Library | B93: Things - Artwork
A94: Baldwin City Public Library | B94: Things - Audio-visual equipment | C94: 3 | D94: 3
A95: Baldwin City Public Library | B95: Things - Bicycles (and bicycle accessories) | C95: 5 | D95: 5
A96: Baldwin City Public Library | B96: Things - Board games, dolls, puzzles, and toys
A97: Baldwin City Public Library | B97: Things - Clothing, costumes, and masks
A98: Baldwin City Public Library | B98: Things - Cooking equipment | C98: 5 | D98: 5
A99: Baldwin City Public Library | B99: Things - Die cut equipment
A100: Baldwin City Public Library | B100: Things - Electronic Media Player
...

Sheet May
A1: branchname | B1: ITEM TYPE | C1: TOTAL ITEMS | D1: ADULT ITEMS | E1: YOUNG ADULT ITEMS | F1: JUVENILE ITEMS | G1: TOTAL ADDED LM | H1: ADULT ADDED LM | I1: YOUNG ADULT ADDED LM | J1: JUVENILE ADDED LM | K1: TOTAL DELETED LM | L1: ADULT DELETED LM | M1: YOUNG ADULT DELETED LM | N1: JUVENILE DELETED LM
A2: Atchison Public Library | B2: (Unclassified)
A3: Atchison Public Library | B3: Audiobook (CDs or cassettes) | C3: 2548 | D3: 2484 | E3: 2 | F3: 62 | G3: 2 | J3: 2
A4: Atchison Public Library | B4: Audiobook (digital media)
A5: Atchison Public Library | B5: Audiobook (new) | C5: 36 | D5: 36
A6: Atchison Public Library | B6: Audiobook (preloaded player) | C6: 7 | D6: 7
A7: Atchison Public Library | B7: Book | C7: 52042 | D7: 32365 | E7: 5046 | F7: 14631 | G7: 13 | H7: 2 | I7: 9 | J7: 2 | K7: 46
A8: Atchison Public Library | B8: Book - School District 454
A9: Atchison Public Library | B9: Book (local requests only)
A10: Atchison Public Library | B10: Book (new) | C10: 1025 | D10: 686 | E10: 106 | F10: 233 | G10: 198 | H10: 118 | I10: 23 | J10: 57 | K10: 2
A11: Atchison Public Library | B11: Book (no requests allowed)
A12: Atchison Public Library | B12: Book club set
A13: Atchison Public Library | B13: Bundle
A14: Atchison Public Library | B14: Computers and internet - Laptop computer
A15: Atchison Public Library | B15: Computers and internet - Launchpad tablet | C15: 1 | F15: 1
A16: Atchison Public Library | B16: Computers and internet - Public computer
A17: Atchison Public Library | B17: Computers and internet - Software
A18: Atchison Public Library | B18: Computers and internet - Tablets, e-readers, and personal computing devices
A19: Atchison Public Library | B19: Computers and internet - Wireless internet hotspot
A20: Atchison Public Library | B20: E-content - Digital content
A21: Atchison Public Library | B21: Inter-library loan | C21: 49 | D21: 44 | F21: 5 | G21: 10 | H21: 10 | K21: 15 | L21: 9
A22: Atchison Public Library | B22: Inter-library loan - 07 day loan
A23: Atchison Public Library | B23: Inter-library loan - 14 day loan
A24: Atchison Public Library | B24: Inter-library loan - 21 day loan
A25: Atchison Public Library | B25: Inter-library loan - 28 day loan
A26: Atchison Public Library | B26: Key
A27: Atchison Public Library | B27: Kit or multi-part set | C27: 20 | D27: 1 | E27: 1 | F27: 18 | K27: 3
A28: Atchison Public Library | B28: Magazine
A29: Atchison Public Library | B29: Magazine (new)
A30: Atchison Public Library | B30: Music | C30: 3 | D30: 3
A31: Atchison Public Library | B31: Pamphlet
A32: Atchison Public Library | B32: Reference material | C32: 1131 | D32: 1129 | F32: 2
A33: Atchison Public Library | B33: Reserve desk - Highland Community College
A34: Atchison Public Library | B34: Room
A35: Atchison Public Library | B35: Special collections (local requests only) | C35: 231 | D35: 144 | F35: 87 | G35: 1 | H35: 1
A36: Atchison Public Library | B36: Special collections (no requests allowed) | C36: 6 | D36: 4 | E36: 1 | F36: 1
A37: Atchison Public Library | B37: Story walk
A38: Atchison Public Library | B38: Things - Artwork
A39: Atchison Public Library | B39: Things - Audio-visual equipment
A40: Atchison Public Library | B40: Things - Bicycles (and bicycle accessories)
A41: Atchison Public Library | B41: Things - Board games, dolls, puzzles, and toys | C41: 167 | D41: 150 | E41: 2 | F41: 15 | G41: 2 | J41: 2
A42: Atchison Public Library | B42: Things - Clothing, costumes, and masks
A43: Atchison Public Library | B43: Things - Cooking equipment | C43: 77 | D43: 3 | F43: 74
A44: Atchison Public Library | B44: Things - Die cut equipment
A45: Atchison Public Library | B45: Things - Electronic Media Player | C45: 2 | F45: 2
A46: Atchison Public Library | B46: Things - Equipment | C46: 5 | F46: 5
A47: Atchison Public Library | B47: Things - Museum pass / event pass
A48: Atchison Public Library | B48: Things - Musical insturments and accessories
A49: Atchison Public Library | B49: Things - Recreation and sports
A50: Atchison Public Library | B50: Things - Tools
A51: Atchison Public Library | B51: Video | C51: 4924 | D51: 4004 | E51: 1 | F51: 919 | G51: 2 | H51: 2 | K51: 3
A52: Atchison Public Library | B52: Video (Local requests only)
A53: Atchison Public Library | B53: Video (New) | C53: 121 | D53: 96 | F53: 25 | G53: 9 | H53: 4 | J53: 5 | K53: 2
A54: Atchison Public Library | B54: Video (No requests allowed)
A55: Atchison Public Library | B55: Video (Television) | C55: 989 | D55: 885 | F55: 104 | K55: 4
A56: Atchison Public Library | B56: Video game | C56: 18 | D56: 14 | E56: 4
A57: Baldwin City Public Library | B57: (Unclassified)
A58: Baldwin City Public Library | B58: Audiobook (CDs or cassettes) | C58: 317 | D58: 263 | F58: 54
A59: Baldwin City Public Library | B59: Audiobook (digital media)
A60: Baldwin City Public Library | B60: Audiobook (new)
A61: Baldwin City Public Library | B61: Audiobook (preloaded player)
A62: Baldwin City Public Library | B62: Book | C62: 23237 | D62: 11586 | E62: 1667 | F62: 9984 | G62: 96 | H62: 48 | I62: 7 | J62: 41 | K62: 47
A63: Baldwin City Public Library | B63: Book - School District 454
A64: Baldwin City Public Library | B64: Book (local requests only) | C64: 6 | D64: 6 | G64: 3 | H64: 3
A65: Baldwin City Public Library | B65: Book (new) | C65: 1 | F65: 1
A66: Baldwin City Public Library | B66: Book (no requests allowed)
A67: Baldwin City Public Library | B67: Book club set | C67: 1 | D67: 1
A68: Baldwin City Public Library | B68: Bundle
A69: Baldwin City Public Library | B69: Computers and internet - Laptop computer | C69: 20 | D69: 19 | F69: 1
A70: Baldwin City Public Library | B70: Computers and internet - Launchpad tablet | C70: 2 | F70: 2
A71: Baldwin City Public Library | B71: Computers and internet - Public computer | C71: 9 | D71: 9
A72: Baldwin City Public Library | B72: Computers and internet - Software
A73: Baldwin City Public Library | B73: Computers and internet - Tablets, e-readers, and personal computing devices
A74: Baldwin City Public Library | B74: Computers and internet - Wireless internet hotspot
A75: Baldwin City Public Library | B75: E-content - Digital content
A76: Baldwin City Public Library | B76: Inter-library loan | C76: 11 | D76: 11 | G76: 4 | H76: 4 | K76: 4 | L76: 1
A77: Baldwin City Public Library | B77: Inter-library loan - 07 day loan
A78: Baldwin City Public Library | B78: Inter-library loan - 14 day loan
A79: Baldwin City Public Library | B79: Inter-library loan - 21 day loan
A80: Baldwin City Public Library | B80: Inter-library loan - 28 day loan
A81: Baldwin City Public Library | B81: Key | C81: 2 | D81: 2
A82: Baldwin City Public Library | B82: Kit or multi-part set | C82: 12 | D82: 5 | F82: 7
A83: Baldwin City Public Library | B83: Magazine | C83: 34 | D83: 25 | E83: 3 | F83: 6 | G83: 5 | H83: 3 | J83: 2 | K83: 6
A84: Baldwin City Public Library | B84: Magazine (new)
A85: Baldwin City Public Library | B85: Music | C85: 2 | D85: 2
A86: Baldwin City Public Library | B86: Pamphlet | C86: 77 | D86: 77
A87: Baldwin City Public Library | B87: Reference material | C87: 291 | D87: 291
A88: Baldwin City Public Library | B88: Reserve desk - Highland Community College
A89: Baldwin City Public Library | B89: Room
A90: Baldwin City Public Library | B90: Special collections (local requests only) | C90: 50 | D90: 24 | E90: 3 | F90: 23 | G90: 5 | H90: 5
A91: Baldwin City Public Library | B91: Special collections (no requests allowed) | C91: 17 | D91: 17
A92: Baldwin City Public Library | B92: Story walk
A93: Baldwin City Public Library | B93: Things - Artwork
A94: Baldwin City Public Library | B94: Things - Audio-visual equipment | C94: 3 | D94: 3
A95: Baldwin City Public Library | B95: Things - Bicycles (and bicycle accessories) | C95: 5 | D95: 5
A96: Baldwin City Public Library | B96: Things - Board games, dolls, puzzles, and toys
A97: Baldwin City Public Library | B97: Things - Clothing, costumes, and masks
A98: Baldwin City Public Library | B98: Things - Cooking equipment | C98: 5 | D98: 5
A99: Baldwin City Public Library | B99: Things - Die cut equipment
A100: Baldwin City Public Library | B100: Things - Electronic Media Player
...

Sheet June
A1: branchname | B1: ITEM TYPE | C1: TOTAL ITEMS | D1: ADULT ITEMS | E1: YOUNG ADULT ITEMS | F1: JUVENILE ITEMS | G1: TOTAL ADDED LM | H1: ADULT ADDED LM | I1: YOUNG ADULT ADDED LM | J1: JUVENILE ADDED LM | K1: TOTAL DELETED LM | L1: ADULT DELETED LM | M1: YOUNG ADULT DELETED LM | N1: JUVENILE DELETED LM
A2: Atchison Public Library | B2: (Unclassified)
A3: Atchison Public Library | B3: Audiobook (CDs or cassettes) | C3: 2554 | D3: 2490 | E3: 2 | F3: 62
A4: Atchison Public Library | B4: Audiobook (digital media)
A5: Atchison Public Library | B5: Audiobook (new) | C5: 34 | D5: 34 | G5: 4 | H5: 4
A6: Atchison Public Library | B6: Audiobook (preloaded player) | C6: 7 | D6: 7
A7: Atchison Public Library | B7: Book | C7: 52246 | D7: 32520 | E7: 5076 | F7: 14650 | G7: 6 | H7: 3 | I7: 2 | J7: 1 | K7: 50
A8: Atchison Public Library | B8: Book - School District 454
A9: Atchison Public Library | B9: Book (local requests only)
A10: Atchison Public Library | B10: Book (new) | C10: 1011 | D10: 650 | E10: 113 | F10: 248 | G10: 233 | H10: 143 | I10: 39 | J10: 51 | K10: 1 | N10: 1
A11: Atchison Public Library | B11: Book (no requests allowed)
A12: Atchison Public Library | B12: Book club set
A13: Atchison Public Library | B13: Bundle
A14: Atchison Public Library | B14: Computers and internet - Laptop computer
A15: Atchison Public Library | B15: Computers and internet - Launchpad tablet | C15: 1 | F15: 1
A16: Atchison Public Library | B16: Computers and internet - Public computer
A17: Atchison Public Library | B17: Computers and internet - Software
A18: Atchison Public Library | B18: Computers and internet - Tablets, e-readers, and personal computing devices
A19: Atchison Public Library | B19: Computers and internet - Wireless internet hotspot
A20: Atchison Public Library | B20: E-content - Digital content
A21: Atchison Public Library | B21: Inter-library loan | C21: 53 | D21: 48 | F21: 5 | G21: 15 | H21: 15 | K21: 17 | L21: 6
A22: Atchison Public Library | B22: Inter-library loan - 07 day loan
A23: Atchison Public Library | B23: Inter-library loan - 14 day loan
A24: Atchison Public Library | B24: Inter-library loan - 21 day loan
A25: Atchison Public Library | B25: Inter-library loan - 28 day loan
A26: Atchison Public Library | B26: Key
A27: Atchison Public Library | B27: Kit or multi-part set | C27: 20 | D27: 1 | E27: 1 | F27: 18
A28: Atchison Public Library | B28: Magazine
A29: Atchison Public Library | B29: Magazine (new)
A30: Atchison Public Library | B30: Music | C30: 3 | D30: 3
A31: Atchison Public Library | B31: Pamphlet
A32: Atchison Public Library | B32: Reference material | C32: 1131 | D32: 1129 | F32: 2
A33: Atchison Public Library | B33: Reserve desk - Highland Community College
A34: Atchison Public Library | B34: Room
A35: Atchison Public Library | B35: Special collections (local requests only) | C35: 232 | D35: 145 | F35: 87 | G35: 3 | H35: 3 | K35: 2
A36: Atchison Public Library | B36: Special collections (no requests allowed) | C36: 6 | D36: 4 | E36: 1 | F36: 1
A37: Atchison Public Library | B37: Story walk
A38: Atchison Public Library | B38: Things - Artwork
A39: Atchison Public Library | B39: Things - Audio-visual equipment
A40: Atchison Public Library | B40: Things - Bicycles (and bicycle accessories)
A41: Atchison Public Library | B41: Things - Board games, dolls, puzzles, and toys | C41: 168 | D41: 150 | E41: 2 | F41: 16 | G41: 1 | J41: 1
A42: Atchison Public Library | B42: Things - Clothing, costumes, and masks
A43: Atchison Public Library | B43: Things - Cooking equipment | C43: 77 | D43: 3 | F43: 74
A44: Atchison Public Library | B44: Things - Die cut equipment
A45: Atchison Public Library | B45: Things - Electronic Media Player | C45: 2 | F45: 2
A46: Atchison Public Library | B46: Things - Equipment | C46: 5 | F46: 5
A47: Atchison Public Library | B47: Things - Museum pass / event pass
A48: Atchison Public Library | B48: Things - Musical insturments and accessories
A49: Atchison Public Library | B49: Things - Recreation and sports
A50: Atchison Public Library | B50: Things - Tools
A51: Atchison Public Library | B51: Video | C51: 4927 | D51: 4005 | E51: 1 | F51: 921 | K51: 1
A52: Atchison Public Library | B52: Video (Local requests only)
A53: Atchison Public Library | B53: Video (New) | C53: 130 | D53: 107 | F53: 23 | G53: 13 | H53: 13 | K53: 1
A54: Atchison Public Library | B54: Video (No requests allowed)
A55: Atchison Public Library | B55: Video (Television) | C55: 989 | D55: 885 | F55: 104
A56: Atchison Public Library | B56: Video game | C56: 18 | D56: 14 | E56: 4
A57: Baldwin City Public Library | B57: (Unclassified)
A58: Baldwin City Public Library | B58: Audiobook (CDs or cassettes) | C58: 317 | D58: 263 | F58: 54
A59: Baldwin City Public Library | B59: Audiobook (digital media)
A60: Baldwin City Public Library | B60: Audiobook (new)
A61: Baldwin City Public Library | B61: Audiobook (preloaded player)
A62: Baldwin City Public Library | B62: Book | C62: 23172 | D62: 11627 | E62: 1675 | F62: 9870 | G62: 91 | H62: 37 | I62: 10 | J62: 44 | K62: 154
A63: Baldwin City Public Library | B63: Book - School District 454
A64: Baldwin City Public Library | B64: Book (local requests only) | C64: 4 | D64: 4 | G64: 2 | H64: 2
A65: Baldwin City Public Library | B65: Book (new) | C65: 1 | F65: 1
A66: Baldwin City Public Library | B66: Book (no requests allowed)
A67: Baldwin City Public Library | B67: Book club set | C67: 1 | D67: 1
A68: Baldwin City Public Library | B68: Bundle
A69: Baldwin City Public Library | B69: Computers and internet - Laptop computer | C69: 20 | D69: 19 | F69: 1
A70: Baldwin City Public Library | B70: Computers and internet - Launchpad tablet | C70: 2 | F70: 2
A71: Baldwin City Public Library | B71: Computers and internet - Public computer | C71: 9 | D71: 9
A72: Baldwin City Public Library | B72: Computers and internet - Software
A73: Baldwin City Public Library | B73: Computers and internet - Tablets, e-readers, and personal computing devices
A74: Baldwin City Public Library | B74: Computers and internet - Wireless internet hotspot
A75: Baldwin City Public Library | B75: E-content - Digital content
A76: Baldwin City Public Library | B76: Inter-library loan | C76: 12 | D76: 12 | G76: 6 | H76: 6 | K76: 8 | L76: 3
A77: Baldwin City Public Library | B77: Inter-library loan - 07 day loan
A78: Baldwin City Public Library | B78: Inter-library loan - 14 day loan
A79: Baldwin City Public Library | B79: Inter-library loan - 21 day loan
A80: Baldwin City Public Library | B80: Inter-library loan - 28 day loan
A81: Baldwin City Public Library | B81: Key | C81: 2 | D81: 2
A82: Baldwin City Public Library | B82: Kit or multi-part set | C82: 12 | D82: 5 | F82: 7
A83: Baldwin City Public Library | B83: Magazine | C83: 36 | D83: 28 | E83: 3 | F83: 5 | G83: 6 | H83: 4 | J83: 2 | K83: 4
A84: Baldwin City Public Library | B84: Magazine (new)
A85: Baldwin City Public Library | B85: Music | C85: 2 | D85: 2
A86: Baldwin City Public Library | B86: Pamphlet | C86: 77 | D86: 77
A87: Baldwin City Public Library | B87: Reference material | C87: 285 | D87: 285 | G87: 1 | H87: 1 | K87: 7
A88: Baldwin City Public Library | B88: Reserve desk - Highland Community College
A89: Baldwin City Public Library | B89: Room
A90: Baldwin City Public Library | B90: Special collections (local requests only) | C90: 50 | D90: 24 | E90: 3 | F90: 23
A91: Baldwin City Public Library | B91: Special collections (no requests allowed) | C91: 17 | D91: 17
A92: Baldwin City Public Library | B92: Story walk
A93: Baldwin City Public Library | B93: Things - Artwork
A94: Baldwin City Public Library | B94: Things - Audio-visual equipment | C94: 3 | D94: 3
A95: Baldwin City Public Library | B95: Things - Bicycles (and bicycle accessories) | C95: 5 | D95: 5
A96: Baldwin City Public Library | B96: Things - Board games, dolls, puzzles, and toys
A97: Baldwin City Public Library | B97: Things - Clothing, costumes, and masks
A98: Baldwin City Public Library | B98: Things - Cooking equipment | C98: 5 | D98: 5
A99: Baldwin City Public Library | B99: Things - Die cut equipment
A100: Baldwin City Public Library | B100: Things - Electronic Media Player
...

Sheet July
A1: branchname | B1: ITEM TYPE | C1: TOTAL ITEMS | D1: ADULT ITEMS | E1: YOUNG ADULT ITEMS | F1: JUVENILE ITEMS | G1: TOTAL ADDED LM | H1: ADULT ADDED LM | I1: YOUNG ADULT ADDED LM | J1: JUVENILE ADDED LM | K1: TOTAL DELETED LM | L1: ADULT DELETED LM | M1: YOUNG ADULT DELETED LM | N1: JUVENILE DELETED LM
A2: Atchison Public Library | B2: (Unclassified)
A3: Atchison Public Library | B3: Audiobook (CDs or cassettes) | C3: 2552 | D3: 2490 | E3: 2 | F3: 60
A4: Atchison Public Library | B4: Audiobook (digital media)
A5: Atchison Public Library | B5: Audiobook (new) | C5: 34 | D5: 34
A6: Atchison Public Library | B6: Audiobook (preloaded player) | C6: 7 | D6: 7
A7: Atchison Public Library | B7: Book | C7: 52325 | D7: 32523 | E7: 5111 | F7: 14691 | G7: 30 | H7: 9 | I7: 7 | J7: 14 | K7: 368
A8: Atchison Public Library | B8: Book - School District 454
A9: Atchison Public Library | B9: Book (local requests only)
A10: Atchison Public Library | B10: Book (new) | C10: 1070 | D10: 593 | E10: 160 | F10: 317 | G10: 477 | H10: 270 | I10: 81 | J10: 126 | K10: 12
A11: Atchison Public Library | B11: Book (no requests allowed)
A12: Atchison Public Library | B12: Book club set
A13: Atchison Public Library | B13: Bundle
A14: Atchison Public Library | B14: Computers and internet - Laptop computer
A15: Atchison Public Library | B15: Computers and internet - Launchpad tablet | C15: 1 | F15: 1
A16: Atchison Public Library | B16: Computers and internet - Public computer
A17: Atchison Public Library | B17: Computers and internet - Software
A18: Atchison Public Library | B18: Computers and internet - Tablets, e-readers, and personal computing devices
A19: Atchison Public Library | B19: Computers and internet - Wireless internet hotspot
A20: Atchison Public Library | B20: E-content - Digital content
A21: Atchison Public Library | B21: Inter-library loan | C21: 50 | D21: 45 | F21: 5 | G21: 19 | H21: 19 | K21: 34 | L21: 12
A22: Atchison Public Library | B22: Inter-library loan - 07 day loan
A23: Atchison Public Library | B23: Inter-library loan - 14 day loan
A24: Atchison Public Library | B24: Inter-library loan - 21 day loan
A25: Atchison Public Library | B25: Inter-library loan - 28 day loan
A26: Atchison Public Library | B26: Key
A27: Atchison Public Library | B27: Kit or multi-part set | C27: 19 | D27: 1 | E27: 1 | F27: 17
A28: Atchison Public Library | B28: Magazine
A29: Atchison Public Library | B29: Magazine (new)
A30: Atchison Public Library | B30: Music | C30: 3 | D30: 3
A31: Atchison Public Library | B31: Pamphlet
A32: Atchison Public Library | B32: Reference material | C32: 1136 | D32: 1134 | F32: 2 | G32: 5 | H32: 5
A33: Atchison Public Library | B33: Reserve desk - Highland Community College
A34: Atchison Public Library | B34: Room
A35: Atchison Public Library | B35: Special collections (local requests only) | C35: 239 | D35: 144 | F35: 95 | G35: 3 | H35: 3
A36: Atchison Public Library | B36: Special collections (no requests allowed) | C36: 6 | D36: 4 | E36: 1 | F36: 1
A37: Atchison Public Library | B37: Story walk
A38: Atchison Public Library | B38: Things - Artwork
A39: Atchison Public Library | B39: Things - Audio-visual equipment
A40: Atchison Public Library | B40: Things - Bicycles (and bicycle accessories)
A41: Atchison Public Library | B41: Things - Board games, dolls, puzzles, and toys | C41: 163 | D41: 148 | E41: 2 | F41: 13 | K41: 1
A42: Atchison Public Library | B42: Things - Clothing, costumes, and masks
A43: Atchison Public Library | B43: Things - Cooking equipment | C43: 77 | D43: 3 | F43: 74
A44: Atchison Public Library | B44: Things - Die cut equipment
A45: Atchison Public Library | B45: Things - Electronic Media Player | C45: 2 | F45: 2
A46: Atchison Public Library | B46: Things - Equipment | C46: 5 | F46: 5
A47: Atchison Public Library | B47: Things - Museum pass / event pass
A48: Atchison Public Library | B48: Things - Musical insturments and accessories
A49: Atchison Public Library | B49: Things - Recreation and sports
A50: Atchison Public Library | B50: Things - Tools
A51: Atchison Public Library | B51: Video | C51: 4935 | D51: 4012 | E51: 1 | F51: 922 | K51: 5
A52: Atchison Public Library | B52: Video (Local requests only)
A53: Atchison Public Library | B53: Video (New) | C53: 117 | D53: 97 | F53: 20 | G53: 6 | H53: 6 | K53: 1
A54: Atchison Public Library | B54: Video (No requests allowed)
A55: Atchison Public Library | B55: Video (Television) | C55: 995 | D55: 891 | F55: 104
A56: Atchison Public Library | B56: Video game | C56: 18 | D56: 14 | E56: 4
A57: Baldwin City Public Library | B57: (Unclassified)
A58: Baldwin City Public Library | B58: Audiobook (CDs or cassettes) | C58: 317 | D58: 263 | F58: 54
A59: Baldwin City Public Library | B59: Audiobook (digital media)
A60: Baldwin City Public Library | B60: Audiobook (new)
A61: Baldwin City Public Library | B61: Audiobook (preloaded player)
A62: Baldwin City Public Library | B62: Book | C62: 23259 | D62: 11669 | E62: 1681 | F62: 9909 | G62: 101 | H62: 44 | I62: 8 | J62: 49 | K62: 22
A63: Baldwin City Public Library | B63: Book - School District 454
A64: Baldwin City Public Library | B64: Book (local requests only) | C64: 2 | D64: 2
A65: Baldwin City Public Library | B65: Book (new) | C65: 1 | F65: 1
A66: Baldwin City Public Library | B66: Book (no requests allowed)
A67: Baldwin City Public Library | B67: Book club set | C67: 1 | D67: 1
A68: Baldwin City Public Library | B68: Bundle
A69: Baldwin City Public Library | B69: Computers and internet - Laptop computer | C69: 20 | D69: 19 | F69: 1
A70: Baldwin City Public Library | B70: Computers and internet - Launchpad tablet | C70: 2 | F70: 2
A71: Baldwin City Public Library | B71: Computers and internet - Public computer | C71: 9 | D71: 9
A72: Baldwin City Public Library | B72: Computers and internet - Software
A73: Baldwin City Public Library | B73: Computers and internet - Tablets, e-readers, and personal computing devices
A74: Baldwin City Public Library | B74: Computers and internet - Wireless internet hotspot
A75: Baldwin City Public Library | B75: E-content - Digital content
A76: Baldwin City Public Library | B76: Inter-library loan | C76: 5 | D76: 5 | G76: 4 | H76: 4 | K76: 20 | L76: 9
A77: Baldwin City Public Library | B77: Inter-library loan - 07 day loan
A78: Baldwin City Public Library | B78: Inter-library loan - 14 day loan
A79: Baldwin City Public Library | B79: Inter-library loan - 21 day loan
A80: Baldwin City Public Library | B80: Inter-library loan - 28 day loan
A81: Baldwin City Public Library | B81: Key | C81: 2 | D81: 2
A82: Baldwin City Public Library | B82: Kit or multi-part set | C82: 12 | D82: 5 | F82: 7
A83: Baldwin City Public Library | B83: Magazine | C83: 38 | D83: 28 | E83: 3 | F83: 7 | G83: 5 | H83: 2 | J83: 3 | K83: 3
A84: Baldwin City Public Library | B84: Magazine (new)
A85: Baldwin City Public Library | B85: Music | C85: 2 | D85: 2
A86: Baldwin City Public Library | B86: Pamphlet | C86: 77 | D86: 77
A87: Baldwin City Public Library | B87: Reference material | C87: 283 | D87: 283 | K87: 2
A88: Baldwin City Public Library | B88: Reserve desk - Highland Community College
A89: Baldwin City Public Library | B89: Room
A90: Baldwin City Public Library | B90: Special collections (local requests only) | C90: 50 | D90: 24 | E90: 3 | F90: 23
A91: Baldwin City Public Library | B91: Special collections (no requests allowed) | C91: 17 | D91: 17
A92: Baldwin City Public Library | B92: Story walk
A93: Baldwin City Public Library | B93: Things - Artwork
A94: Baldwin City Public Library | B94: Things - Audio-visual equipment | C94: 3 | D94: 3
A95: Baldwin City Public Library | B95: Things - Bicycles (and bicycle accessories) | C95: 5 | D95: 5
A96: Baldwin City Public Library | B96: Things - Board games, dolls, puzzles, and toys
A97: Baldwin City Public Library | B97: Things - Clothing, costumes, and masks
A98: Baldwin City Public Library | B98: Things - Cooking equipment | C98: 5 | D98: 5
A99: Baldwin City Public Library | B99: Things - Die cut equipment
A100: Baldwin City Public Library | B100: Things - Electronic Media Player
...

Sheet August
A1: branchname | B1: ITEM TYPE | C1: TOTAL ITEMS | D1: ADULT ITEMS | E1: YOUNG ADULT ITEMS | F1: JUVENILE ITEMS | G1: TOTAL ADDED LM | H1: ADULT ADDED LM | I1: YOUNG ADULT ADDED LM | J1: JUVENILE ADDED LM | K1: TOTAL DELETED LM | L1: ADULT DELETED LM | M1: YOUNG ADULT DELETED LM | N1: JUVENILE DELETED LM
A2: Atchison Public Library | B2: (Unclassified)
A3: Atchison Public Library | B3: Audiobook (CDs or cassettes) | C3: 2552 | D3: 2492 | E3: 2 | F3: 58 | G3: 2 | H3: 2
A4: Atchison Public Library | B4: Audiobook (digital media)
A5: Atchison Public Library | B5: Audiobook (new) | C5: 35 | D5: 35 | G5: 1 | H5: 1
A6: Atchison Public Library | B6: Audiobook (preloaded player) | C6: 7 | D6: 7
A7: Atchison Public Library | B7: Book | C7: 52458 | D7: 32616 | E7: 5085 | F7: 14757 | G7: 37 | H7: 21 | I7: 15 | J7: 1 | K7: 117
A8: Atchison Public Library | B8: Book - School District 454
A9: Atchison Public Library | B9: Book (local requests only)
A10: Atchison Public Library | B10: Book (new) | C10: 1045 | D10: 633 | E10: 139 | F10: 273 | G10: 191 | H10: 145 | I10: 17 | J10: 29 | K10: 3
A11: Atchison Public Library | B11: Book (no requests allowed)
A12: Atchison Public Library | B12: Book club set
A13: Atchison Public Library | B13: Bundle
A14: Atchison Public Library | B14: Computers and internet - Laptop computer
A15: Atchison Public Library | B15: Computers and internet - Launchpad tablet | C15: 1 | F15: 1
A16: Atchison Public Library | B16: Computers and internet - Public computer
A17: Atchison Public Library | B17: Computers and internet - Software
A18: Atchison Public Library | B18: Computers and internet - Tablets, e-readers, and personal computing devices
A19: Atchison Public Library | B19: Computers and internet - Wireless internet hotspot
A20: Atchison Public Library | B20: E-content - Digital content
A21: Atchison Public Library | B21: Inter-library loan | C21: 45 | D21: 40 | F21: 5 | G21: 9 | H21: 9 | K21: 18 | L21: 4
A22: Atchison Public Library | B22: Inter-library loan - 07 day loan
A23: Atchison Public Library | B23: Inter-library loan - 14 day loan
A24: Atchison Public Library | B24: Inter-library loan - 21 day loan
A25: Atchison Public Library | B25: Inter-library loan - 28 day loan
A26: Atchison Public Library | B26: Key
A27: Atchison Public Library | B27: Kit or multi-part set | C27: 20 | D27: 1 | E27: 1 | F27: 18 | G27: 1 | J27: 1
A28: Atchison Public Library | B28: Magazine
A29: Atchison Public Library | B29: Magazine (new)
A30: Atchison Public Library | B30: Music | C30: 3 | D30: 3
A31: Atchison Public Library | B31: Pamphlet
A32: Atchison Public Library | B32: Reference material | C32: 1136 | D32: 1134 | F32: 2
A33: Atchison Public Library | B33: Reserve desk - Highland Community College
A34: Atchison Public Library | B34: Room
A35: Atchison Public Library | B35: Special collections (local requests only) | C35: 243 | D35: 145 | F35: 98 | G35: 4 | H35: 1 | J35: 3 | K35: 2
A36: Atchison Public Library | B36: Special collections (no requests allowed) | C36: 6 | D36: 4 | E36: 1 | F36: 1
A37: Atchison Public Library | B37: Story walk
A38: Atchison Public Library | B38: Things - Artwork
A39: Atchison Public Library | B39: Things - Audio-visual equipment
A40: Atchison Public Library | B40: Things - Bicycles (and bicycle accessories)
A41: Atchison Public Library | B41: Things - Board games, dolls, puzzles, and toys | C41: 160 | D41: 145 | E41: 2 | F41: 13 | K41: 3
A42: Atchison Public Library | B42: Things - Clothing, costumes, and masks
A43: Atchison Public Library | B43: Things - Cooking equipment | C43: 77 | D43: 3 | F43: 74
A44: Atchison Public Library | B44: Things - Die cut equipment
A45: Atchison Public Library | B45: Things - Electronic Media Player | C45: 2 | F45: 2
A46: Atchison Public Library | B46: Things - Equipment | C46: 5 | F46: 5
A47: Atchison Public Library | B47: Things - Museum pass / event pass
A48: Atchison Public Library | B48: Things - Musical insturments and accessories
A49: Atchison Public Library | B49: Things - Recreation and sports
A50: Atchison Public Library | B50: Things - Tools
A51: Atchison Public Library | B51: Video | C51: 4935 | D51: 4010 | E51: 1 | F51: 924 | K51: 4
A52: Atchison Public Library | B52: Video (Local requests only)
A53: Atchison Public Library | B53: Video (New) | C53: 125 | D53: 99 | F53: 26 | G53: 16 | H53: 2 | J53: 14 | K53: 4
A54: Atchison Public Library | B54: Video (No requests allowed)
A55: Atchison Public Library | B55: Video (Television) | C55: 995 | D55: 891 | F55: 104
A56: Atchison Public Library | B56: Video game | C56: 18 | D56: 14 | E56: 4
A57: Baldwin City Public Library | B57: (Unclassified)
A58: Baldwin City Public Library | B58: Audiobook (CDs or cassettes) | C58: 317 | D58: 263 | F58: 54
A59: Baldwin City Public Library | B59: Audiobook (digital media)
A60: Baldwin City Public Library | B60: Audiobook (new)
A61: Baldwin City Public Library | B61: Audiobook (preloaded player)
A62: Baldwin City Public Library | B62: Book | C62: 23331 | D62: 11704 | E62: 1686 | F62: 9941 | G62: 83 | H62: 41 | I62: 5 | J62: 37 | K62: 11
A63: Baldwin City Public Library | B63: Book - School District 454
A64: Baldwin City Public Library | B64: Book (local requests only)
A65: Baldwin City Public Library | B65: Book (new) | C65: 1 | F65: 1
A66: Baldwin City Public Library | B66: Book (no requests allowed)
A67: Baldwin City Public Library | B67: Book club set | C67: 1 | D67: 1
A68: Baldwin City Public Library | B68: Bundle
A69: Baldwin City Public Library | B69: Computers and internet - Laptop computer | C69: 20 | D69: 19 | F69: 1
A70: Baldwin City Public Library | B70: Computers and internet - Launchpad tablet | C70: 2 | F70: 2
A71: Baldwin City Public Library | B71: Computers and internet - Public computer | C71: 9 | D71: 9
A72: Baldwin City Public Library | B72: Computers and internet - Software
A73: Baldwin City Public Library | B73: Computers and internet - Tablets, e-readers, and personal computing devices
A74: Baldwin City Public Library | B74: Computers and internet - Wireless internet hotspot
A75: Baldwin City Public Library | B75: E-content - Digital content
A76: Baldwin City Public Library | B76: Inter-library loan | C76: 3 | D76: 3 | G76: 1 | H76: 1 | K76: 5 | L76: 2
A77: Baldwin City Public Library | B77: Inter-library loan - 07 day loan
A78: Baldwin City Public Library | B78: Inter-library loan - 14 day loan
A79: Baldwin City Public Library | B79: Inter-library loan - 21 day loan
A80: Baldwin City Public Library | B80: Inter-library loan - 28 day loan
A81: Baldwin City Public Library | B81: Key | C81: 2 | D81: 2
A82: Baldwin City Public Library | B82: Kit or multi-part set | C82: 12 | D82: 5 | F82: 7
A83: Baldwin City Public Library | B83: Magazine | C83: 38 | D83: 28 | E83: 3 | F83: 7 | G83: 5 | H83: 3 | J83: 2 | K83: 5
A84: Baldwin City Public Library | B84: Magazine (new)
A85: Baldwin City Public Library | B85: Music | C85: 2 | D85: 2
A86: Baldwin City Public Library | B86: Pamphlet | C86: 77 | D86: 77
A87: Baldwin City Public Library | B87: Reference material | C87: 283 | D87: 283
A88: Baldwin City Public Library | B88: Reserve desk - Highland Community College
A89: Baldwin City Public Library | B89: Room
A90: Baldwin City Public Library | B90: Special collections (local requests only) | C90: 50 | D90: 24 | E90: 3 | F90: 23
A91: Baldwin City Public Library | B91: Special collections (no requests allowed) | C91: 17 | D91: 17
A92: Baldwin City Public Library | B92: Story walk
A93: Baldwin City Public Library | B93: Things - Artwork
A94: Baldwin City Public Library | B94: Things - Audio-visual equipment | C94: 3 | D94: 3
A95: Baldwin City Public Library | B95: Things - Bicycles (and bicycle accessories) | C95: 5 | D95: 5
A96: Baldwin City Public Library | B96: Things - Board games, dolls, puzzles, and toys
A97: Baldwin City Public Library | B97: Things - Clothing, costumes, and masks
A98: Baldwin City Public Library | B98: Things - Cooking equipment | C98: 5 | D98: 5
A99: Baldwin City Public Library | B99: Things - Die cut equipment
A100: Baldwin City Public Library | B100: Things - Electronic Media Player
...

Sheet September
A1: branchname | B1: ITEM TYPE | C1: TOTAL ITEMS | D1: ADULT ITEMS | E1: YOUNG ADULT ITEMS | F1: JUVENILE ITEMS | G1: TOTAL ADDED LM | H1: ADULT ADDED LM | I1: YOUNG ADULT ADDED LM | J1: JUVENILE ADDED LM | K1: TOTAL DELETED LM | L1: ADULT DELETED LM | M1: YOUNG ADULT DELETED LM | N1: JUVENILE DELETED LM
A2: Atchison Public Library | B2: (Unclassified)
A3: Atchison Public Library | B3: Audiobook (CDs or cassettes) | C3: 2555 | D3: 2495 | E3: 2 | F3: 58
A4: Atchison Public Library | B4: Audiobook (digital media)
A5: Atchison Public Library | B5: Audiobook (new) | C5: 35 | D5: 35 | G5: 3 | H5: 3
A6: Atchison Public Library | B6: Audiobook (preloaded player) | C6: 7 | D6: 7
A7: Atchison Public Library | B7: Book | C7: 52475 | D7: 32670 | E7: 5062 | F7: 14743 | G7: 13 | H7: 12 | I7: 1 | K7: 205
A8: Atchison Public Library | B8: Book - School District 454
A9: Atchison Public Library | B9: Book (local requests only)
A10: Atchison Public Library | B10: Book (new) | C10: 1118 | D10: 655 | E10: 154 | F10: 309 | G10: 284 | H10: 161 | I10: 17 | J10: 106 | K10: 5 | M10: 1
A11: Atchison Public Library | B11: Book (no requests allowed)
A12: Atchison Public Library | B12: Book club set
A13: Atchison Public Library | B13: Bundle
A14: Atchison Public Library | B14: Computers and internet - Laptop computer
A15: Atchison Public Library | B15: Computers and internet - Launchpad tablet | C15: 1 | F15: 1
A16: Atchison Public Library | B16: Computers and internet - Public computer
A17: Atchison Public Library | B17: Computers and internet - Software
A18: Atchison Public Library | B18: Computers and internet - Tablets, e-readers, and personal computing devices
A19: Atchison Public Library | B19: Computers and internet - Wireless internet hotspot
A20: Atchison Public Library | B20: E-content - Digital content
A21: Atchison Public Library | B21: Inter-library loan | C21: 53 | D21: 48 | F21: 5 | G21: 14 | H21: 14 | K21: 14 | L21: 8
A22: Atchison Public Library | B22: Inter-library loan - 07 day loan
A23: Atchison Public Library | B23: Inter-library loan - 14 day loan
A24: Atchison Public Library | B24: Inter-library loan - 21 day loan
A25: Atchison Public Library | B25: Inter-library loan - 28 day loan
A26: Atchison Public Library | B26: Key
A27: Atchison Public Library | B27: Kit or multi-part set | C27: 20 | D27: 1 | E27: 1 | F27: 18
A28: Atchison Public Library | B28: Magazine
A29: Atchison Public Library | B29: Magazine (new)
A30: Atchison Public Library | B30: Music | C30: 3 | D30: 3
A31: Atchison Public Library | B31: Pamphlet
A32: Atchison Public Library | B32: Reference material | C32: 1137 | D32: 1135 | F32: 2 | G32: 1 | H32: 1
A33: Atchison Public Library | B33: Reserve desk - Highland Community College
A34: Atchison Public Library | B34: Room
A35: Atchison Public Library | B35: Special collections (local requests only) | C35: 242 | D35: 144 | F35: 98 | K35: 1
A36: Atchison Public Library | B36: Special collections (no requests allowed) | C36: 6 | D36: 4 | E36: 1 | F36: 1
A37: Atchison Public Library | B37: Story walk
A38: Atchison Public Library | B38: Things - Artwork
A39: Atchison Public Library | B39: Things - Audio-visual equipment
A40: Atchison Public Library | B40: Things - Bicycles (and bicycle accessories)
A41: Atchison Public Library | B41: Things - Board games, dolls, puzzles, and toys | C41: 158 | D41: 144 | E41: 1 | F41: 13 | K41: 2
A42: Atchison Public Library | B42: Things - Clothing, costumes, and masks
A43: Atchison Public Library | B43: Things - Cooking equipment | C43: 77 | D43: 3 | F43: 74
A44: Atchison Public Library | B44: Things - Die cut equipment
A45: Atchison Public Library | B45: Things - Electronic Media Player | C45: 2 | F45: 2
A46: Atchison Public Library | B46: Things - Equipment | C46: 5 | F46: 5
A47: Atchison Public Library | B47: Things - Museum pass / event pass
A48: Atchison Public Library | B48: Things - Musical insturments and accessories
A49: Atchison Public Library | B49: Things - Recreation and sports
A50: Atchison Public Library | B50: Things - Tools
A51: Atchison Public Library | B51: Video | C51: 4944 | D51: 4021 | E51: 1 | F51: 922 | K51: 6
A52: Atchison Public Library | B52: Video (Local requests only)
A53: Atchison Public Library | B53: Video (New) | C53: 110 | D53: 84 | F53: 26 | K53: 1
A54: Atchison Public Library | B54: Video (No requests allowed)
A55: Atchison Public Library | B55: Video (Television) | C55: 989 | D55: 888 | F55: 101 | K55: 6
A56: Atchison Public Library | B56: Video game | C56: 18 | D56: 14 | E56: 4
A57: Baldwin City Public Library | B57: (Unclassified)
A58: Baldwin City Public Library | B58: Audiobook (CDs or cassettes) | C58: 317 | D58: 263 | F58: 54
A59: Baldwin City Public Library | B59: Audiobook (digital media)
A60: Baldwin City Public Library | B60: Audiobook (new)
A61: Baldwin City Public Library | B61: Audiobook (preloaded player)
A62: Baldwin City Public Library | B62: Book | C62: 23429 | D62: 11763 | E62: 1677 | F62: 9989 | G62: 128 | H62: 69 | I62: 2 | J62: 57 | K62: 29
A63: Baldwin City Public Library | B63: Book - School District 454
A64: Baldwin City Public Library | B64: Book (local requests only) | C64: 1 | D64: 1 | G64: 1 | H64: 1
A65: Baldwin City Public Library | B65: Book (new) | C65: 1 | F65: 1
A66: Baldwin City Public Library | B66: Book (no requests allowed)
A67: Baldwin City Public Library | B67: Book club set | C67: 1 | D67: 1
A68: Baldwin City Public Library | B68: Bundle
A69: Baldwin City Public Library | B69: Computers and internet - Laptop computer | C69: 20 | D69: 19 | F69: 1
A70: Baldwin City Public Library | B70: Computers and internet - Launchpad tablet | C70: 2 | F70: 2
A71: Baldwin City Public Library | B71: Computers and internet - Public computer | C71: 9 | D71: 9
A72: Baldwin City Public Library | B72: Computers and internet - Software
A73: Baldwin City Public Library | B73: Computers and internet - Tablets, e-readers, and personal computing devices
A74: Baldwin City Public Library | B74: Computers and internet - Wireless internet hotspot
A75: Baldwin City Public Library | B75: E-content - Digital content
A76: Baldwin City Public Library | B76: Inter-library loan | C76: 5 | D76: 5 | G76: 4 | H76: 4 | K76: 4 | L76: 2
A77: Baldwin City Public Library | B77: Inter-library loan - 07 day loan
A78: Baldwin City Public Library | B78: Inter-library loan - 14 day loan
A79: Baldwin City Public Library | B79: Inter-library loan - 21 day loan
A80: Baldwin City Public Library | B80: Inter-library loan - 28 day loan
A81: Baldwin City Public Library | B81: Key | C81: 2 | D81: 2
A82: Baldwin City Public Library | B82: Kit or multi-part set | C82: 12 | D82: 5 | F82: 7
A83: Baldwin City Public Library | B83: Magazine | C83: 40 | D83: 30 | E83: 3 | F83: 7 | G83: 4 | H83: 4 | K83: 2
A84: Baldwin City Public Library | B84: Magazine (new)
A85: Baldwin City Public Library | B85: Music | C85: 2 | D85: 2
A86: Baldwin City Public Library | B86: Pamphlet | C86: 77 | D86: 77
A87: Baldwin City Public Library | B87: Reference material | C87: 283 | D87: 283
A88: Baldwin City Public Library | B88: Reserve desk - Highland Community College
A89: Baldwin City Public Library | B89: Room
A90: Baldwin City Public Library | B90: Special collections (local requests only) | C90: 50 | D90: 24 | E90: 3 | F90: 23
A91: Baldwin City Public Library | B91: Special collections (no requests allowed) | C91: 17 | D91: 17
A92: Baldwin City Public Library | B92: Story walk
A93: Baldwin City Public Library | B93: Things - Artwork
A94: Baldwin City Public Library | B94: Things - Audio-visual equipment | C94: 3 | D94: 3
A95: Baldwin City Public Library | B95: Things - Bicycles (and bicycle accessories) | C95: 5 | D95: 5
A96: Baldwin City Public Library | B96: Things - Board games, dolls, puzzles, and toys
A97: Baldwin City Public Library | B97: Things - Clothing, costumes, and masks
A98: Baldwin City Public Library | B98: Things - Cooking equipment | C98: 5 | D98: 5
A99: Baldwin City Public Library | B99: Things - Die cut equipment
A100: Baldwin City Public Library | B100: Things - Electronic Media Player
...

Sheet October
A1: branchname | B1: ITEM TYPE | C1: TOTAL ITEMS | D1: ADULT ITEMS | E1: YOUNG ADULT ITEMS | F1: JUVENILE ITEMS | G1: TOTAL ADDED LM | H1: ADULT ADDED LM | I1: YOUNG ADULT ADDED LM | J1: JUVENILE ADDED LM | K1: TOTAL DELETED LM | L1: ADULT DELETED LM | M1: YOUNG ADULT DELETED LM | N1: JUVENILE DELETED LM
A2: Atchison Public Library | B2: (Unclassified)
A3: Atchison Public Library | B3: Audiobook (CDs or cassettes)
A4: Atchison Public Library | B4: Audiobook (digital media)
A5: Atchison Public Library | B5: Audiobook (new)
A6: Atchison Public Library | B6: Audiobook (preloaded player)
A7: Atchison Public Library | B7: Book
A8: Atchison Public Library | B8: Book - School District 454
A9: Atchison Public Library | B9: Book (local requests only)
A10: Atchison Public Library | B10: Book (new)
A11: Atchison Public Library | B11: Book (no requests allowed)
A12: Atchison Public Library | B12: Book club set
A13: Atchison Public Library | B13: Bundle
... A2916: Winchester Public Library | B2916: Video game
A2917: Doniphan County Total | B2917: (Unclassified) | C2917: =SUM(C552,C607,C662,C717) -> 0 | D2917: =SUM(D552,D607,D662,D717) -> 0 | E2917: =SUM(E552,E607,E662,E717) -> 0 | F2917: =SUM(F552,F607,F662,F717) -> 0 | G2917: =SUM(G552,G607,G662,G717) -> 0 | H2917: =SUM(H552,H607,H662,H717) -> 0 | I2917: =SUM(I552,I607,I662,I717) -> 0 | J2917: =SUM(J552,J607,J662,J717) -> 0 | ... N2917: =SUM(N552,N607,N662,N717) -> 0
A2918: Doniphan County Total | B2918: Audiobook (CDs or cassettes) | C2918: =SUM(C553,C608,C663,C718) -> 0 | D2918: =SUM(D553,D608,D663,D718) -> 0 | E2918: =SUM(E553,E608,E663,E718) -> 0 | F2918: =SUM(F553,F608,F663,F718) -> 0 | G2918: =SUM(G553,G608,G663,G718) -> 0 | H2918: =SUM(H553,H608,H663,H718) -> 0 | I2918: =SUM(I553,I608,I663,I718) -> 0 | J2918: =SUM(J553,J608,J663,J718) -> 0 | ... N2918: =SUM(N553,N608,N663,N718) -> 0
A2919: Doniphan County Total | B2919: Audiobook (digital media) | C2919: =SUM(C554,C609,C664,C719) -> 0 | D2919: =SUM(D554,D609,D664,D719) -> 0 | E2919: =SUM(E554,E609,E664,E719) -> 0 | F2919: =SUM(F554,F609,F664,F719) -> 0 | G2919: =SUM(G554,G609,G664,G719) -> 0 | H2919: =SUM(H554,H609,H664,H719) -> 0 | I2919: =SUM(I554,I609,I664,I719) -> 0 | J2919: =SUM(J554,J609,J664,J719) -> 0 | ... N2919: =SUM(N554,N609,N664,N719) -> 0
A2920: Doniphan County Total | B2920: Audiobook (new) | C2920: =SUM(C555,C610,C665,C720) -> 0 | D2920: =SUM(D555,D610,D665,D720) -> 0 | E2920: =SUM(E555,E610,E665,E720) -> 0 | F2920: =SUM(F555,F610,F665,F720) -> 0 | G2920: =SUM(G555,G610,G665,G720) -> 0 | H2920: =SUM(H555,H610,H665,H720) -> 0 | I2920: =SUM(I555,I610,I665,I720) -> 0 | J2920: =SUM(J555,J610,J665,J720) -> 0 | ... N2920: =SUM(N555,N610,N665,N720) -> 0
A2921: Doniphan County Total | B2921: Audiobook (preloaded player) | C2921: =SUM(C556,C611,C666,C721) -> 0 | D2921: =SUM(D556,D611,D666,D721) -> 0 | E2921: =SUM(E556,E611,E666,E721) -> 0 | F2921: =SUM(F556,F611,F666,F721) -> 0 | G2921: =SUM(G556,G611,G666,G721) -> 0 | H2921: =SUM(H556,H611,H666,H721) -> 0 | I2921: =SUM(I556,I611,I666,I721) -> 0 | J2921: =SUM(J556,J611,J666,J721) -> 0 | ... N2921: =SUM(N556,N611,N666,N721) -> 0
A2922: Doniphan County Total | B2922: Book | C2922: =SUM(C557,C612,C667,C722) -> 0 | D2922: =SUM(D557,D612,D667,D722) -> 0 | E2922: =SUM(E557,E612,E667,E722) -> 0 | F2922: =SUM(F557,F612,F667,F722) -> 0 | G2922: =SUM(G557,G612,G667,G722) -> 0 | H2922: =SUM(H557,H612,H667,H722) -> 0 | I2922: =SUM(I557,I612,I667,I722) -> 0 | J2922: =SUM(J557,J612,J667,J722) -> 0 | ... N2922: =SUM(N557,N612,N667,N722) -> 0
A2923: Doniphan County Total | B2923: Book - School District 454 | C2923: =SUM(C558,C613,C668,C723) -> 0 | D2923: =SUM(D558,D613,D668,D723) -> 0 | E2923: =SUM(E558,E613,E668,E723) -> 0 | F2923: =SUM(F558,F613,F668,F723) -> 0 | G2923: =SUM(G558,G613,G668,G723) -> 0 | H2923: =SUM(H558,H613,H668,H723) -> 0 | I2923: =SUM(I558,I613,I668,I723) -> 0 | J2923: =SUM(J558,J613,J668,J723) -> 0 | ... N2923: =SUM(N558,N613,N668,N723) -> 0
A2924: Doniphan County Total | B2924: Book (local requests only) | C2924: =SUM(C559,C614,C669,C724) -> 0 | D2924: =SUM(D559,D614,D669,D724) -> 0 | E2924: =SUM(E559,E614,E669,E724) -> 0 | F2924: =SUM(F559,F614,F669,F724) -> 0 | G2924: =SUM(G559,G614,G669,G724) -> 0 | H2924: =SUM(H559,H614,H669,H724) -> 0 | I2924: =SUM(I559,I614,I669,I724) -> 0 | J2924: =SUM(J559,J614,J669,J724) -> 0 | ... N2924: =SUM(N559,N614,N669,N724) -> 0
A2925: Doniphan County Total | B2925: Book (new) | C2925: =SUM(C560,C615,C670,C725) -> 0 | D2925: =SUM(D560,D615,D670,D725) -> 0 | E2925: =SUM(E560,E615,E670,E725) -> 0 | F2925: =SUM(F560,F615,F670,F725) -> 0 | G2925: =SUM(G560,G615,G670,G725) -> 0 | H2925: =SUM(H560,H615,H670,H725) -> 0 | I2925: =SUM(I560,I615,I670,I725) -> 0 | J2925: =SUM(J560,J615,J670,J725) -> 0 | ... N2925: =SUM(N560,N615,N670,N725) -> 0
A2926: Doniphan County Total | B2926: Book (no requests allowed) | C2926: =SUM(C561,C616,C671,C726) -> 0 | D2926: =SUM(D561,D616,D671,D726) -> 0 | E2926: =SUM(E561,E616,E671,E726) -> 0 | F2926: =SUM(F561,F616,F671,F726) -> 0 | G2926: =SUM(G561,G616,G671,G726) -> 0 | H2926: =SUM(H561,H616,H671,H726) -> 0 | I2926: =SUM(I561,I616,I671,I726) -> 0 | J2926: =SUM(J561,J616,J671,J726) -> 0 | ... N2926: =SUM(N561,N616,N671,N726) -> 0
A2927: Doniphan County Total | B2927: Book club set | C2927: =SUM(C562,C617,C672,C727) -> 0 | D2927: =SUM(D562,D617,D672,D727) -> 0 | E2927: =SUM(E562,E617,E672,E727) -> 0 | F2927: =SUM(F562,F617,F672,F727) -> 0 | G2927: =SUM(G562,G617,G672,G727) -> 0 | H2927: =SUM(H562,H617,H672,H727) -> 0 | I2927: =SUM(I562,I617,I672,I727) -> 0 | J2927: =SUM(J562,J617,J672,J727) -> 0 | ... N2927: =SUM(N562,N617,N672,N727) -> 0
A2928: Doniphan County Total | B2928: Bundle | C2928: =SUM(C563,C618,C673,C728) -> 0 | D2928: =SUM(D563,D618,D673,D728) -> 0 | E2928: =SUM(E563,E618,E673,E728) -> 0 | F2928: =SUM(F563,F618,F673,F728) -> 0 | G2928: =SUM(G563,G618,G673,G728) -> 0 | H2928: =SUM(H563,H618,H673,H728) -> 0 | I2928: =SUM(I563,I618,I673,I728) -> 0 | J2928: =SUM(J563,J618,J673,J728) -> 0 | ... N2928: =SUM(N563,N618,N673,N728) -> 0
... A2971: Doniphan County Total | B2971: Video game | C2971: =SUM(C606,C661,C716,C771) -> 0 | D2971: =SUM(D606,D661,D716,D771) -> 0 | E2971: =SUM(E606,E661,E716,E771) -> 0 | F2971: =SUM(F606,F661,F716,F771) -> 0 | G2971: =SUM(G606,G661,G716,G771) -> 0 | H2971: =SUM(H606,H661,H716,H771) -> 0 | I2971: =SUM(I606,I661,I716,I771) -> 0 | J2971: =SUM(J606,J661,J716,J771) -> 0 | ... N2971: =SUM(N606,N661,N716,N771) -> 0
A2972: Prairie Hills Schools Total | B2972: (Unclassified) | C2972: =SUM(C2092,C2147,C2202,C2257) -> 0 | D2972: =SUM(D2092,D2147,D2202,D2257) -> 0 | E2972: =SUM(E2092,E2147,E2202,E2257) -> 0 | F2972: =SUM(F2092,F2147,F2202,F2257) -> 0 | G2972: =SUM(G2092,G2147,G2202,G2257) -> 0 | H2972: =SUM(H2092,H2147,H2202,H2257) -> 0 | I2972: =SUM(I2092,I2147,I2202,I2257) -> 0 | J2972: =SUM(J2092,J2147,J2202,J2257) -> 0 | ... N2972: =SUM(N2092,N2147,N2202,N2257) -> 0
A2973: Prairie Hills Schools Total | B2973: Audiobook (CDs or cassettes) | C2973: =SUM(C2093,C2148,C2203,C2258) -> 0 | D2973: =SUM(D2093,D2148,D2203,D2258) -> 0 | E2973: =SUM(E2093,E2148,E2203,E2258) -> 0 | F2973: =SUM(F2093,F2148,F2203,F2258) -> 0 | G2973: =SUM(G2093,G2148,G2203,G2258) -> 0 | H2973: =SUM(H2093,H2148,H2203,H2258) -> 0 | I2973: =SUM(I2093,I2148,I2203,I2258) -> 0 | J2973: =SUM(J2093,J2148,J2203,J2258) -> 0 | ... N2973: =SUM(N2093,N2148,N2203,N2258) -> 0
A2974: Prairie Hills Schools Total | B2974: Audiobook (digital media) | C2974: =SUM(C2094,C2149,C2204,C2259) -> 0 | D2974: =SUM(D2094,D2149,D2204,D2259) -> 0 | E2974: =SUM(E2094,E2149,E2204,E2259) -> 0 | F2974: =SUM(F2094,F2149,F2204,F2259) -> 0 | G2974: =SUM(G2094,G2149,G2204,G2259) -> 0 | H2974: =SUM(H2094,H2149,H2204,H2259) -> 0 | I2974: =SUM(I2094,I2149,I2204,I2259) -> 0 | J2974: =SUM(J2094,J2149,J2204,J2259) -> 0 | ... N2974: =SUM(N2094,N2149,N2204,N2259) -> 0
A2975: Prairie Hills Schools Total | B2975: Audiobook (new) | C2975: =SUM(C2095,C2150,C2205,C2260) -> 0 | D2975: =SUM(D2095,D2150,D2205,D2260) -> 0 | E2975: =SUM(E2095,E2150,E2205,E2260) -> 0 | F2975: =SUM(F2095,F2150,F2205,F2260) -> 0 | G2975: =SUM(G2095,G2150,G2205,G2260) -> 0 | H2975: =SUM(H2095,H2150,H2205,H2260) -> 0 | I2975: =SUM(I2095,I2150,I2205,I2260) -> 0 | J2975: =SUM(J2095,J2150,J2205,J2260) -> 0 | ... N2975: =SUM(N2095,N2150,N2205,N2260) -> 0
A2976: Prairie Hills Schools Total | B2976: Audiobook (preloaded player) | C2976: =SUM(C2096,C2151,C2206,C2261) -> 0 | D2976: =SUM(D2096,D2151,D2206,D2261) -> 0 | E2976: =SUM(E2096,E2151,E2206,E2261) -> 0 | F2976: =SUM(F2096,F2151,F2206,F2261) -> 0 | G2976: =SUM(G2096,G2151,G2206,G2261) -> 0 | H2976: =SUM(H2096,H2151,H2206,H2261) -> 0 | I2976: =SUM(I2096,I2151,I2206,I2261) -> 0 | J2976: =SUM(J2096,J2151,J2206,J2261) -> 0 | ... N2976: =SUM(N2096,N2151,N2206,N2261) -> 0
A2977: Prairie Hills Schools Total | B2977: Book | C2977: =SUM(C2097,C2152,C2207,C2262) -> 0 | D2977: =SUM(D2097,D2152,D2207,D2262) -> 0 | E2977: =SUM(E2097,E2152,E2207,E2262) -> 0 | F2977: =SUM(F2097,F2152,F2207,F2262) -> 0 | G2977: =SUM(G2097,G2152,G2207,G2262) -> 0 | H2977: =SUM(H2097,H2152,H2207,H2262) -> 0 | I2977: =SUM(I2097,I2152,I2207,I2262) -> 0 | J2977: =SUM(J2097,J2152,J2207,J2262) -> 0 | ... N2977: =SUM(N2097,N2152,N2207,N2262) -> 0
A2978: Prairie Hills Schools Total | B2978: Book - School District 454 | C2978: =SUM(C2098,C2153,C2208,C2263) -> 0 | D2978: =SUM(D2098,D2153,D2208,D2263) -> 0 | E2978: =SUM(E2098,E2153,E2208,E2263) -> 0 | F2978: =SUM(F2098,F2153,F2208,F2263) -> 0 | G2978: =SUM(G2098,G2153,G2208,G2263) -> 0 | H2978: =SUM(H2098,H2153,H2208,H2263) -> 0 | I2978: =SUM(I2098,I2153,I2208,I2263) -> 0 | J2978: =SUM(J2098,J2153,J2208,J2263) -> 0 | ... N2978: =SUM(N2098,N2153,N2208,N2263) -> 0
A2979: Prairie Hills Schools Total | B2979: Book (local requests only) | C2979: =SUM(C2099,C2154,C2209,C2264) -> 0 | D2979: =SUM(D2099,D2154,D2209,D2264) -> 0 | E2979: =SUM(E2099,E2154,E2209,E2264) -> 0 | F2979: =SUM(F2099,F2154,F2209,F2264) -> 0 | G2979: =SUM(G2099,G2154,G2209,G2264) -> 0 | H2979: =SUM(H2099,H2154,H2209,H2264) -> 0 | I2979: =SUM(I2099,I2154,I2209,I2264) -> 0 | J2979: =SUM(J2099,J2154,J2209,J2264) -> 0 | ... N2979: =SUM(N2099,N2154,N2209,N2264) -> 0
A2980: Prairie Hills Schools Total | B2980: Book (new) | C2980: =SUM(C2100,C2155,C2210,C2265) -> 0 | D2980: =SUM(D2100,D2155,D2210,D2265) -> 0 | E2980: =SUM(E2100,E2155,E2210,E2265) -> 0 | F2980: =SUM(F2100,F2155,F2210,F2265) -> 0 | G2980: =SUM(G2100,G2155,G2210,G2265) -> 0 | H2980: =SUM(H2100,H2155,H2210,H2265) -> 0 | I2980: =SUM(I2100,I2155,I2210,I2265) -> 0 | J2980: =SUM(J2100,J2155,J2210,J2265) -> 0 | ... N2980: =SUM(N2100,N2155,N2210,N2265) -> 0
A2981: Prairie Hills Schools Total | B2981: Book (no requests allowed) | C2981: =SUM(C2101,C2156,C2211,C2266) -> 0 | D2981: =SUM(D2101,D2156,D2211,D2266) -> 0 | E2981: =SUM(E2101,E2156,E2211,E2266) -> 0 | F2981: =SUM(F2101,F2156,F2211,F2266) -> 0 | G2981: =SUM(G2101,G2156,G2211,G2266) -> 0 | H2981: =SUM(H2101,H2156,H2211,H2266) -> 0 | I2981: =SUM(I2101,I2156,I2211,I2266) -> 0 | J2981: =SUM(J2101,J2156,J2211,J2266) -> 0 | ... N2981: =SUM(N2101,N2156,N2211,N2266) -> 0
A2982: Prairie Hills Schools Total | B2982: Book club set | C2982: =SUM(C2102,C2157,C2212,C2267) -> 0 | D2982: =SUM(D2102,D2157,D2212,D2267) -> 0 | E2982: =SUM(E2102,E2157,E2212,E2267) -> 0 | F2982: =SUM(F2102,F2157,F2212,F2267) -> 0 | G2982: =SUM(G2102,G2157,G2212,G2267) -> 0 | H2982: =SUM(H2102,H2157,H2212,H2267) -> 0 | I2982: =SUM(I2102,I2157,I2212,I2267) -> 0 | J2982: =SUM(J2102,J2157,J2212,J2267) -> 0 | ... N2982: =SUM(N2102,N2157,N2212,N2267) -> 0
A2983: Prairie Hills Schools Total | B2983: Bundle | C2983: =SUM(C2103,C2158,C2213,C2268) -> 0 | D2983: =SUM(D2103,D2158,D2213,D2268) -> 0 | E2983: =SUM(E2103,E2158,E2213,E2268) -> 0 | F2983: =SUM(F2103,F2158,F2213,F2268) -> 0 | G2983: =SUM(G2103,G2158,G2213,G2268) -> 0 | H2983: =SUM(H2103,H2158,H2213,H2268) -> 0 | I2983: =SUM(I2103,I2158,I2213,I2268) -> 0 | J2983: =SUM(J2103,J2158,J2213,J2268) -> 0 | ... N2983: =SUM(N2103,N2158,N2213,N2268) -> 0
... A3026: Prairie Hills Schools Total | B3026: Video game | C3026: =SUM(C2146,C2201,C2256,C2311) -> 0 | D3026: =SUM(D2146,D2201,D2256,D2311) -> 0 | E3026: =SUM(E2146,E2201,E2256,E2311) -> 0 | F3026: =SUM(F2146,F2201,F2256,F2311) -> 0 | G3026: =SUM(G2146,G2201,G2256,G2311) -> 0 | H3026: =SUM(H2146,H2201,H2256,H2311) -> 0 | I3026: =SUM(I2146,I2201,I2256,I2311) -> 0 | J3026: =SUM(J2146,J2201,J2256,J2311) -> 0 | ... N3026: =SUM(N2146,N2201,N2256,N2311) -> 0

Sheet November
A1: branchname | B1: ITEM TYPE | C1: TOTAL ITEMS | D1: ADULT ITEMS | E1: YOUNG ADULT ITEMS | F1: JUVENILE ITEMS | G1: TOTAL ADDED LM | H1: ADULT ADDED LM | I1: YOUNG ADULT ADDED LM | J1: JUVENILE ADDED LM | K1: TOTAL DELETED LM | L1: ADULT DELETED LM | M1: YOUNG ADULT DELETED LM | N1: JUVENILE DELETED LM
A2: Atchison Public Library | B2: (Unclassified)
A3: Atchison Public Library | B3: Audiobook (CDs or cassettes)
A4: Atchison Public Library | B4: Audiobook (digital media)
A5: Atchison Public Library | B5: Audiobook (new)
A6: Atchison Public Library | B6: Audiobook (preloaded player)
A7: Atchison Public Library | B7: Book
A8: Atchison Public Library | B8: Book - School District 454
A9: Atchison Public Library | B9: Book (local requests only)
A10: Atchison Public Library | B10: Book (new)
A11: Atchison Public Library | B11: Book (no requests allowed)
A12: Atchison Public Library | B12: Book club set
A13: Atchison Public Library | B13: Bundle
... A2916: Winchester Public Library | B2916: Video game
A2917: Doniphan County Total | B2917: (Unclassified) | C2917: =SUM(C552,C607,C662,C717) -> 0 | D2917: =SUM(D552,D607,D662,D717) -> 0 | E2917: =SUM(E552,E607,E662,E717) -> 0 | F2917: =SUM(F552,F607,F662,F717) -> 0 | G2917: =SUM(G552,G607,G662,G717) -> 0 | H2917: =SUM(H552,H607,H662,H717) -> 0 | I2917: =SUM(I552,I607,I662,I717) -> 0 | J2917: =SUM(J552,J607,J662,J717) -> 0 | ... N2917: =SUM(N552,N607,N662,N717) -> 0
A2918: Doniphan County Total | B2918: Audiobook (CDs or cassettes) | C2918: =SUM(C553,C608,C663,C718) -> 0 | D2918: =SUM(D553,D608,D663,D718) -> 0 | E2918: =SUM(E553,E608,E663,E718) -> 0 | F2918: =SUM(F553,F608,F663,F718) -> 0 | G2918: =SUM(G553,G608,G663,G718) -> 0 | H2918: =SUM(H553,H608,H663,H718) -> 0 | I2918: =SUM(I553,I608,I663,I718) -> 0 | J2918: =SUM(J553,J608,J663,J718) -> 0 | ... N2918: =SUM(N553,N608,N663,N718) -> 0
A2919: Doniphan County Total | B2919: Audiobook (digital media) | C2919: =SUM(C554,C609,C664,C719) -> 0 | D2919: =SUM(D554,D609,D664,D719) -> 0 | E2919: =SUM(E554,E609,E664,E719) -> 0 | F2919: =SUM(F554,F609,F664,F719) -> 0 | G2919: =SUM(G554,G609,G664,G719) -> 0 | H2919: =SUM(H554,H609,H664,H719) -> 0 | I2919: =SUM(I554,I609,I664,I719) -> 0 | J2919: =SUM(J554,J609,J664,J719) -> 0 | ... N2919: =SUM(N554,N609,N664,N719) -> 0
A2920: Doniphan County Total | B2920: Audiobook (new) | C2920: =SUM(C555,C610,C665,C720) -> 0 | D2920: =SUM(D555,D610,D665,D720) -> 0 | E2920: =SUM(E555,E610,E665,E720) -> 0 | F2920: =SUM(F555,F610,F665,F720) -> 0 | G2920: =SUM(G555,G610,G665,G720) -> 0 | H2920: =SUM(H555,H610,H665,H720) -> 0 | I2920: =SUM(I555,I610,I665,I720) -> 0 | J2920: =SUM(J555,J610,J665,J720) -> 0 | ... N2920: =SUM(N555,N610,N665,N720) -> 0
A2921: Doniphan County Total | B2921: Audiobook (preloaded player) | C2921: =SUM(C556,C611,C666,C721) -> 0 | D2921: =SUM(D556,D611,D666,D721) -> 0 | E2921: =SUM(E556,E611,E666,E721) -> 0 | F2921: =SUM(F556,F611,F666,F721) -> 0 | G2921: =SUM(G556,G611,G666,G721) -> 0 | H2921: =SUM(H556,H611,H666,H721) -> 0 | I2921: =SUM(I556,I611,I666,I721) -> 0 | J2921: =SUM(J556,J611,J666,J721) -> 0 | ... N2921: =SUM(N556,N611,N666,N721) -> 0
A2922: Doniphan County Total | B2922: Book | C2922: =SUM(C557,C612,C667,C722) -> 0 | D2922: =SUM(D557,D612,D667,D722) -> 0 | E2922: =SUM(E557,E612,E667,E722) -> 0 | F2922: =SUM(F557,F612,F667,F722) -> 0 | G2922: =SUM(G557,G612,G667,G722) -> 0 | H2922: =SUM(H557,H612,H667,H722) -> 0 | I2922: =SUM(I557,I612,I667,I722) -> 0 | J2922: =SUM(J557,J612,J667,J722) -> 0 | ... N2922: =SUM(N557,N612,N667,N722) -> 0
A2923: Doniphan County Total | B2923: Book - School District 454 | C2923: =SUM(C558,C613,C668,C723) -> 0 | D2923: =SUM(D558,D613,D668,D723) -> 0 | E2923: =SUM(E558,E613,E668,E723) -> 0 | F2923: =SUM(F558,F613,F668,F723) -> 0 | G2923: =SUM(G558,G613,G668,G723) -> 0 | H2923: =SUM(H558,H613,H668,H723) -> 0 | I2923: =SUM(I558,I613,I668,I723) -> 0 | J2923: =SUM(J558,J613,J668,J723) -> 0 | ... N2923: =SUM(N558,N613,N668,N723) -> 0
A2924: Doniphan County Total | B2924: Book (local requests only) | C2924: =SUM(C559,C614,C669,C724) -> 0 | D2924: =SUM(D559,D614,D669,D724) -> 0 | E2924: =SUM(E559,E614,E669,E724) -> 0 | F2924: =SUM(F559,F614,F669,F724) -> 0 | G2924: =SUM(G559,G614,G669,G724) -> 0 | H2924: =SUM(H559,H614,H669,H724) -> 0 | I2924: =SUM(I559,I614,I669,I724) -> 0 | J2924: =SUM(J559,J614,J669,J724) -> 0 | ... N2924: =SUM(N559,N614,N669,N724) -> 0
A2925: Doniphan County Total | B2925: Book (new) | C2925: =SUM(C560,C615,C670,C725) -> 0 | D2925: =SUM(D560,D615,D670,D725) -> 0 | E2925: =SUM(E560,E615,E670,E725) -> 0 | F2925: =SUM(F560,F615,F670,F725) -> 0 | G2925: =SUM(G560,G615,G670,G725) -> 0 | H2925: =SUM(H560,H615,H670,H725) -> 0 | I2925: =SUM(I560,I615,I670,I725) -> 0 | J2925: =SUM(J560,J615,J670,J725) -> 0 | ... N2925: =SUM(N560,N615,N670,N725) -> 0
A2926: Doniphan County Total | B2926: Book (no requests allowed) | C2926: =SUM(C561,C616,C671,C726) -> 0 | D2926: =SUM(D561,D616,D671,D726) -> 0 | E2926: =SUM(E561,E616,E671,E726) -> 0 | F2926: =SUM(F561,F616,F671,F726) -> 0 | G2926: =SUM(G561,G616,G671,G726) -> 0 | H2926: =SUM(H561,H616,H671,H726) -> 0 | I2926: =SUM(I561,I616,I671,I726) -> 0 | J2926: =SUM(J561,J616,J671,J726) -> 0 | ... N2926: =SUM(N561,N616,N671,N726) -> 0
A2927: Doniphan County Total | B2927: Book club set | C2927: =SUM(C562,C617,C672,C727) -> 0 | D2927: =SUM(D562,D617,D672,D727) -> 0 | E2927: =SUM(E562,E617,E672,E727) -> 0 | F2927: =SUM(F562,F617,F672,F727) -> 0 | G2927: =SUM(G562,G617,G672,G727) -> 0 | H2927: =SUM(H562,H617,H672,H727) -> 0 | I2927: =SUM(I562,I617,I672,I727) -> 0 | J2927: =SUM(J562,J617,J672,J727) -> 0 | ... N2927: =SUM(N562,N617,N672,N727) -> 0
A2928: Doniphan County Total | B2928: Bundle | C2928: =SUM(C563,C618,C673,C728) -> 0 | D2928: =SUM(D563,D618,D673,D728) -> 0 | E2928: =SUM(E563,E618,E673,E728) -> 0 | F2928: =SUM(F563,F618,F673,F728) -> 0 | G2928: =SUM(G563,G618,G673,G728) -> 0 | H2928: =SUM(H563,H618,H673,H728) -> 0 | I2928: =SUM(I563,I618,I673,I728) -> 0 | J2928: =SUM(J563,J618,J673,J728) -> 0 | ... N2928: =SUM(N563,N618,N673,N728) -> 0
... A2971: Doniphan County Total | B2971: Video game | C2971: =SUM(C606,C661,C716,C771) -> 0 | D2971: =SUM(D606,D661,D716,D771) -> 0 | E2971: =SUM(E606,E661,E716,E771) -> 0 | F2971: =SUM(F606,F661,F716,F771) -> 0 | G2971: =SUM(G606,G661,G716,G771) -> 0 | H2971: =SUM(H606,H661,H716,H771) -> 0 | I2971: =SUM(I606,I661,I716,I771) -> 0 | J2971: =SUM(J606,J661,J716,J771) -> 0 | ... N2971: =SUM(N606,N661,N716,N771) -> 0
A2972: Prairie Hills Schools Total | B2972: (Unclassified) | C2972: =SUM(C2092,C2147,C2202,C2257) -> 0 | D2972: =SUM(D2092,D2147,D2202,D2257) -> 0 | E2972: =SUM(E2092,E2147,E2202,E2257) -> 0 | F2972: =SUM(F2092,F2147,F2202,F2257) -> 0 | G2972: =SUM(G2092,G2147,G2202,G2257) -> 0 | H2972: =SUM(H2092,H2147,H2202,H2257) -> 0 | I2972: =SUM(I2092,I2147,I2202,I2257) -> 0 | J2972: =SUM(J2092,J2147,J2202,J2257) -> 0 | ... N2972: =SUM(N2092,N2147,N2202,N2257) -> 0
A2973: Prairie Hills Schools Total | B2973: Audiobook (CDs or cassettes) | C2973: =SUM(C2093,C2148,C2203,C2258) -> 0 | D2973: =SUM(D2093,D2148,D2203,D2258) -> 0 | E2973: =SUM(E2093,E2148,E2203,E2258) -> 0 | F2973: =SUM(F2093,F2148,F2203,F2258) -> 0 | G2973: =SUM(G2093,G2148,G2203,G2258) -> 0 | H2973: =SUM(H2093,H2148,H2203,H2258) -> 0 | I2973: =SUM(I2093,I2148,I2203,I2258) -> 0 | J2973: =SUM(J2093,J2148,J2203,J2258) -> 0 | ... N2973: =SUM(N2093,N2148,N2203,N2258) -> 0
A2974: Prairie Hills Schools Total | B2974: Audiobook (digital media) | C2974: =SUM(C2094,C2149,C2204,C2259) -> 0 | D2974: =SUM(D2094,D2149,D2204,D2259) -> 0 | E2974: =SUM(E2094,E2149,E2204,E2259) -> 0 | F2974: =SUM(F2094,F2149,F2204,F2259) -> 0 | G2974: =SUM(G2094,G2149,G2204,G2259) -> 0 | H2974: =SUM(H2094,H2149,H2204,H2259) -> 0 | I2974: =SUM(I2094,I2149,I2204,I2259) -> 0 | J2974: =SUM(J2094,J2149,J2204,J2259) -> 0 | ... N2974: =SUM(N2094,N2149,N2204,N2259) -> 0
A2975: Prairie Hills Schools Total | B2975: Audiobook (new) | C2975: =SUM(C2095,C2150,C2205,C2260) -> 0 | D2975: =SUM(D2095,D2150,D2205,D2260) -> 0 | E2975: =SUM(E2095,E2150,E2205,E2260) -> 0 | F2975: =SUM(F2095,F2150,F2205,F2260) -> 0 | G2975: =SUM(G2095,G2150,G2205,G2260) -> 0 | H2975: =SUM(H2095,H2150,H2205,H2260) -> 0 | I2975: =SUM(I2095,I2150,I2205,I2260) -> 0 | J2975: =SUM(J2095,J2150,J2205,J2260) -> 0 | ... N2975: =SUM(N2095,N2150,N2205,N2260) -> 0
A2976: Prairie Hills Schools Total | B2976: Audiobook (preloaded player) | C2976: =SUM(C2096,C2151,C2206,C2261) -> 0 | D2976: =SUM(D2096,D2151,D2206,D2261) -> 0 | E2976: =SUM(E2096,E2151,E2206,E2261) -> 0 | F2976: =SUM(F2096,F2151,F2206,F2261) -> 0 | G2976: =SUM(G2096,G2151,G2206,G2261) -> 0 | H2976: =SUM(H2096,H2151,H2206,H2261) -> 0 | I2976: =SUM(I2096,I2151,I2206,I2261) -> 0 | J2976: =SUM(J2096,J2151,J2206,J2261) -> 0 | ... N2976: =SUM(N2096,N2151,N2206,N2261) -> 0
A2977: Prairie Hills Schools Total | B2977: Book | C2977: =SUM(C2097,C2152,C2207,C2262) -> 0 | D2977: =SUM(D2097,D2152,D2207,D2262) -> 0 | E2977: =SUM(E2097,E2152,E2207,E2262) -> 0 | F2977: =SUM(F2097,F2152,F2207,F2262) -> 0 | G2977: =SUM(G2097,G2152,G2207,G2262) -> 0 | H2977: =SUM(H2097,H2152,H2207,H2262) -> 0 | I2977: =SUM(I2097,I2152,I2207,I2262) -> 0 | J2977: =SUM(J2097,J2152,J2207,J2262) -> 0 | ... N2977: =SUM(N2097,N2152,N2207,N2262) -> 0
A2978: Prairie Hills Schools Total | B2978: Book - School District 454 | C2978: =SUM(C2098,C2153,C2208,C2263) -> 0 | D2978: =SUM(D2098,D2153,D2208,D2263) -> 0 | E2978: =SUM(E2098,E2153,E2208,E2263) -> 0 | F2978: =SUM(F2098,F2153,F2208,F2263) -> 0 | G2978: =SUM(G2098,G2153,G2208,G2263) -> 0 | H2978: =SUM(H2098,H2153,H2208,H2263) -> 0 | I2978: =SUM(I2098,I2153,I2208,I2263) -> 0 | J2978: =SUM(J2098,J2153,J2208,J2263) -> 0 | ... N2978: =SUM(N2098,N2153,N2208,N2263) -> 0
A2979: Prairie Hills Schools Total | B2979: Book (local requests only) | C2979: =SUM(C2099,C2154,C2209,C2264) -> 0 | D2979: =SUM(D2099,D2154,D2209,D2264) -> 0 | E2979: =SUM(E2099,E2154,E2209,E2264) -> 0 | F2979: =SUM(F2099,F2154,F2209,F2264) -> 0 | G2979: =SUM(G2099,G2154,G2209,G2264) -> 0 | H2979: =SUM(H2099,H2154,H2209,H2264) -> 0 | I2979: =SUM(I2099,I2154,I2209,I2264) -> 0 | J2979: =SUM(J2099,J2154,J2209,J2264) -> 0 | ... N2979: =SUM(N2099,N2154,N2209,N2264) -> 0
A2980: Prairie Hills Schools Total | B2980: Book (new) | C2980: =SUM(C2100,C2155,C2210,C2265) -> 0 | D2980: =SUM(D2100,D2155,D2210,D2265) -> 0 | E2980: =SUM(E2100,E2155,E2210,E2265) -> 0 | F2980: =SUM(F2100,F2155,F2210,F2265) -> 0 | G2980: =SUM(G2100,G2155,G2210,G2265) -> 0 | H2980: =SUM(H2100,H2155,H2210,H2265) -> 0 | I2980: =SUM(I2100,I2155,I2210,I2265) -> 0 | J2980: =SUM(J2100,J2155,J2210,J2265) -> 0 | ... N2980: =SUM(N2100,N2155,N2210,N2265) -> 0
A2981: Prairie Hills Schools Total | B2981: Book (no requests allowed) | C2981: =SUM(C2101,C2156,C2211,C2266) -> 0 | D2981: =SUM(D2101,D2156,D2211,D2266) -> 0 | E2981: =SUM(E2101,E2156,E2211,E2266) -> 0 | F2981: =SUM(F2101,F2156,F2211,F2266) -> 0 | G2981: =SUM(G2101,G2156,G2211,G2266) -> 0 | H2981: =SUM(H2101,H2156,H2211,H2266) -> 0 | I2981: =SUM(I2101,I2156,I2211,I2266) -> 0 | J2981: =SUM(J2101,J2156,J2211,J2266) -> 0 | ... N2981: =SUM(N2101,N2156,N2211,N2266) -> 0
A2982: Prairie Hills Schools Total | B2982: Book club set | C2982: =SUM(C2102,C2157,C2212,C2267) -> 0 | D2982: =SUM(D2102,D2157,D2212,D2267) -> 0 | E2982: =SUM(E2102,E2157,E2212,E2267) -> 0 | F2982: =SUM(F2102,F2157,F2212,F2267) -> 0 | G2982: =SUM(G2102,G2157,G2212,G2267) -> 0 | H2982: =SUM(H2102,H2157,H2212,H2267) -> 0 | I2982: =SUM(I2102,I2157,I2212,I2267) -> 0 | J2982: =SUM(J2102,J2157,J2212,J2267) -> 0 | ... N2982: =SUM(N2102,N2157,N2212,N2267) -> 0
A2983: Prairie Hills Schools Total | B2983: Bundle | C2983: =SUM(C2103,C2158,C2213,C2268) -> 0 | D2983: =SUM(D2103,D2158,D2213,D2268) -> 0 | E2983: =SUM(E2103,E2158,E2213,E2268) -> 0 | F2983: =SUM(F2103,F2158,F2213,F2268) -> 0 | G2983: =SUM(G2103,G2158,G2213,G2268) -> 0 | H2983: =SUM(H2103,H2158,H2213,H2268) -> 0 | I2983: =SUM(I2103,I2158,I2213,I2268) -> 0 | J2983: =SUM(J2103,J2158,J2213,J2268) -> 0 | ... N2983: =SUM(N2103,N2158,N2213,N2268) -> 0
... A3026: Prairie Hills Schools Total | B3026: Video game | C3026: =SUM(C2146,C2201,C2256,C2311) -> 0 | D3026: =SUM(D2146,D2201,D2256,D2311) -> 0 | E3026: =SUM(E2146,E2201,E2256,E2311) -> 0 | F3026: =SUM(F2146,F2201,F2256,F2311) -> 0 | G3026: =SUM(G2146,G2201,G2256,G2311) -> 0 | H3026: =SUM(H2146,H2201,H2256,H2311) -> 0 | I3026: =SUM(I2146,I2201,I2256,I2311) -> 0 | J3026: =SUM(J2146,J2201,J2256,J2311) -> 0 | ... N3026: =SUM(N2146,N2201,N2256,N2311) -> 0

Sheet December
A1: branchname | B1: ITEM TYPE | C1: TOTAL ITEMS | D1: ADULT ITEMS | E1: YOUNG ADULT ITEMS | F1: JUVENILE ITEMS | G1: TOTAL ADDED LM | H1: ADULT ADDED LM | I1: YOUNG ADULT ADDED LM | J1: JUVENILE ADDED LM | K1: TOTAL DELETED LM | L1: ADULT DELETED LM | M1: YOUNG ADULT DELETED LM | N1: JUVENILE DELETED LM
A2: Atchison Public Library | B2: (Unclassified)
A3: Atchison Public Library | B3: Audiobook (CDs or cassettes)
A4: Atchison Public Library | B4: Audiobook (digital media)
A5: Atchison Public Library | B5: Audiobook (new)
A6: Atchison Public Library | B6: Audiobook (preloaded player)
A7: Atchison Public Library | B7: Book
A8: Atchison Public Library | B8: Book - School District 454
A9: Atchison Public Library | B9: Book (local requests only)
A10: Atchison Public Library | B10: Book (new)
A11: Atchison Public Library | B11: Book (no requests allowed)
A12: Atchison Public Library | B12: Book club set
A13: Atchison Public Library | B13: Bundle
... A2916: Winchester Public Library | B2916: Video game
A2917: Doniphan County Total | B2917: (Unclassified) | C2917: =SUM(C552,C607,C662,C717) -> 0 | D2917: =SUM(D552,D607,D662,D717) -> 0 | E2917: =SUM(E552,E607,E662,E717) -> 0 | F2917: =SUM(F552,F607,F662,F717) -> 0 | G2917: =SUM(G552,G607,G662,G717) -> 0 | H2917: =SUM(H552,H607,H662,H717) -> 0 | I2917: =SUM(I552,I607,I662,I717) -> 0 | J2917: =SUM(J552,J607,J662,J717) -> 0 | ... N2917: =SUM(N552,N607,N662,N717) -> 0
A2918: Doniphan County Total | B2918: Audiobook (CDs or cassettes) | C2918: =SUM(C553,C608,C663,C718) -> 0 | D2918: =SUM(D553,D608,D663,D718) -> 0 | E2918: =SUM(E553,E608,E663,E718) -> 0 | F2918: =SUM(F553,F608,F663,F718) -> 0 | G2918: =SUM(G553,G608,G663,G718) -> 0 | H2918: =SUM(H553,H608,H663,H718) -> 0 | I2918: =SUM(I553,I608,I663,I718) -> 0 | J2918: =SUM(J553,J608,J663,J718) -> 0 | ... N2918: =SUM(N553,N608,N663,N718) -> 0
A2919: Doniphan County Total | B2919: Audiobook (digital media) | C2919: =SUM(C554,C609,C664,C719) -> 0 | D2919: =SUM(D554,D609,D664,D719) -> 0 | E2919: =SUM(E554,E609,E664,E719) -> 0 | F2919: =SUM(F554,F609,F664,F719) -> 0 | G2919: =SUM(G554,G609,G664,G719) -> 0 | H2919: =SUM(H554,H609,H664,H719) -> 0 | I2919: =SUM(I554,I609,I664,I719) -> 0 | J2919: =SUM(J554,J609,J664,J719) -> 0 | ... N2919: =SUM(N554,N609,N664,N719) -> 0
A2920: Doniphan County Total | B2920: Audiobook (new) | C2920: =SUM(C555,C610,C665,C720) -> 0 | D2920: =SUM(D555,D610,D665,D720) -> 0 | E2920: =SUM(E555,E610,E665,E720) -> 0 | F2920: =SUM(F555,F610,F665,F720) -> 0 | G2920: =SUM(G555,G610,G665,G720) -> 0 | H2920: =SUM(H555,H610,H665,H720) -> 0 | I2920: =SUM(I555,I610,I665,I720) -> 0 | J2920: =SUM(J555,J610,J665,J720) -> 0 | ... N2920: =SUM(N555,N610,N665,N720) -> 0
A2921: Doniphan County Total | B2921: Audiobook (preloaded player) | C2921: =SUM(C556,C611,C666,C721) -> 0 | D2921: =SUM(D556,D611,D666,D721) -> 0 | E2921: =SUM(E556,E611,E666,E721) -> 0 | F2921: =SUM(F556,F611,F666,F721) -> 0 | G2921: =SUM(G556,G611,G666,G721) -> 0 | H2921: =SUM(H556,H611,H666,H721) -> 0 | I2921: =SUM(I556,I611,I666,I721) -> 0 | J2921: =SUM(J556,J611,J666,J721) -> 0 | ... N2921: =SUM(N556,N611,N666,N721) -> 0
A2922: Doniphan County Total | B2922: Book | C2922: =SUM(C557,C612,C667,C722) -> 0 | D2922: =SUM(D557,D612,D667,D722) -> 0 | E2922: =SUM(E557,E612,E667,E722) -> 0 | F2922: =SUM(F557,F612,F667,F722) -> 0 | G2922: =SUM(G557,G612,G667,G722) -> 0 | H2922: =SUM(H557,H612,H667,H722) -> 0 | I2922: =SUM(I557,I612,I667,I722) -> 0 | J2922: =SUM(J557,J612,J667,J722) -> 0 | ... N2922: =SUM(N557,N612,N667,N722) -> 0
A2923: Doniphan County Total | B2923: Book - School District 454 | C2923: =SUM(C558,C613,C668,C723) -> 0 | D2923: =SUM(D558,D613,D668,D723) -> 0 | E2923: =SUM(E558,E613,E668,E723) -> 0 | F2923: =SUM(F558,F613,F668,F723) -> 0 | G2923: =SUM(G558,G613,G668,G723) -> 0 | H2923: =SUM(H558,H613,H668,H723) -> 0 | I2923: =SUM(I558,I613,I668,I723) -> 0 | J2923: =SUM(J558,J613,J668,J723) -> 0 | ... N2923: =SUM(N558,N613,N668,N723) -> 0
A2924: Doniphan County Total | B2924: Book (local requests only) | C2924: =SUM(C559,C614,C669,C724) -> 0 | D2924: =SUM(D559,D614,D669,D724) -> 0 | E2924: =SUM(E559,E614,E669,E724) -> 0 | F2924: =SUM(F559,F614,F669,F724) -> 0 | G2924: =SUM(G559,G614,G669,G724) -> 0 | H2924: =SUM(H559,H614,H669,H724) -> 0 | I2924: =SUM(I559,I614,I669,I724) -> 0 | J2924: =SUM(J559,J614,J669,J724) -> 0 | ... N2924: =SUM(N559,N614,N669,N724) -> 0
A2925: Doniphan County Total | B2925: Book (new) | C2925: =SUM(C560,C615,C670,C725) -> 0 | D2925: =SUM(D560,D615,D670,D725) -> 0 | E2925: =SUM(E560,E615,E670,E725) -> 0 | F2925: =SUM(F560,F615,F670,F725) -> 0 | G2925: =SUM(G560,G615,G670,G725) -> 0 | H2925: =SUM(H560,H615,H670,H725) -> 0 | I2925: =SUM(I560,I615,I670,I725) -> 0 | J2925: =SUM(J560,J615,J670,J725) -> 0 | ... N2925: =SUM(N560,N615,N670,N725) -> 0
A2926: Doniphan County Total | B2926: Book (no requests allowed) | C2926: =SUM(C561,C616,C671,C726) -> 0 | D2926: =SUM(D561,D616,D671,D726) -> 0 | E2926: =SUM(E561,E616,E671,E726) -> 0 | F2926: =SUM(F561,F616,F671,F726) -> 0 | G2926: =SUM(G561,G616,G671,G726) -> 0 | H2926: =SUM(H561,H616,H671,H726) -> 0 | I2926: =SUM(I561,I616,I671,I726) -> 0 | J2926: =SUM(J561,J616,J671,J726) -> 0 | ... N2926: =SUM(N561,N616,N671,N726) -> 0
A2927: Doniphan County Total | B2927: Book club set | C2927: =SUM(C562,C617,C672,C727) -> 0 | D2927: =SUM(D562,D617,D672,D727) -> 0 | E2927: =SUM(E562,E617,E672,E727) -> 0 | F2927: =SUM(F562,F617,F672,F727) -> 0 | G2927: =SUM(G562,G617,G672,G727) -> 0 | H2927: =SUM(H562,H617,H672,H727) -> 0 | I2927: =SUM(I562,I617,I672,I727) -> 0 | J2927: =SUM(J562,J617,J672,J727) -> 0 | ... N2927: =SUM(N562,N617,N672,N727) -> 0
A2928: Doniphan County Total | B2928: Bundle | C2928: =SUM(C563,C618,C673,C728) -> 0 | D2928: =SUM(D563,D618,D673,D728) -> 0 | E2928: =SUM(E563,E618,E673,E728) -> 0 | F2928: =SUM(F563,F618,F673,F728) -> 0 | G2928: =SUM(G563,G618,G673,G728) -> 0 | H2928: =SUM(H563,H618,H673,H728) -> 0 | I2928: =SUM(I563,I618,I673,I728) -> 0 | J2928: =SUM(J563,J618,J673,J728) -> 0 | ... N2928: =SUM(N563,N618,N673,N728) -> 0
... A2971: Doniphan County Total | B2971: Video game | C2971: =SUM(C606,C661,C716,C771) -> 0 | D2971: =SUM(D606,D661,D716,D771) -> 0 | E2971: =SUM(E606,E661,E716,E771) -> 0 | F2971: =SUM(F606,F661,F716,F771) -> 0 | G2971: =SUM(G606,G661,G716,G771) -> 0 | H2971: =SUM(H606,H661,H716,H771) -> 0 | I2971: =SUM(I606,I661,I716,I771) -> 0 | J2971: =SUM(J606,J661,J716,J771) -> 0 | ... N2971: =SUM(N606,N661,N716,N771) -> 0
A2972: Prairie Hills Schools Total | B2972: (Unclassified) | C2972: =SUM(C2092,C2147,C2202,C2257) -> 0 | D2972: =SUM(D2092,D2147,D2202,D2257) -> 0 | E2972: =SUM(E2092,E2147,E2202,E2257) -> 0 | F2972: =SUM(F2092,F2147,F2202,F2257) -> 0 | G2972: =SUM(G2092,G2147,G2202,G2257) -> 0 | H2972: =SUM(H2092,H2147,H2202,H2257) -> 0 | I2972: =SUM(I2092,I2147,I2202,I2257) -> 0 | J2972: =SUM(J2092,J2147,J2202,J2257) -> 0 | ... N2972: =SUM(N2092,N2147,N2202,N2257) -> 0
A2973: Prairie Hills Schools Total | B2973: Audiobook (CDs or cassettes) | C2973: =SUM(C2093,C2148,C2203,C2258) -> 0 | D2973: =SUM(D2093,D2148,D2203,D2258) -> 0 | E2973: =SUM(E2093,E2148,E2203,E2258) -> 0 | F2973: =SUM(F2093,F2148,F2203,F2258) -> 0 | G2973: =SUM(G2093,G2148,G2203,G2258) -> 0 | H2973: =SUM(H2093,H2148,H2203,H2258) -> 0 | I2973: =SUM(I2093,I2148,I2203,I2258) -> 0 | J2973: =SUM(J2093,J2148,J2203,J2258) -> 0 | ... N2973: =SUM(N2093,N2148,N2203,N2258) -> 0
A2974: Prairie Hills Schools Total | B2974: Audiobook (digital media) | C2974: =SUM(C2094,C2149,C2204,C2259) -> 0 | D2974: =SUM(D2094,D2149,D2204,D2259) -> 0 | E2974: =SUM(E2094,E2149,E2204,E2259) -> 0 | F2974: =SUM(F2094,F2149,F2204,F2259) -> 0 | G2974: =SUM(G2094,G2149,G2204,G2259) -> 0 | H2974: =SUM(H2094,H2149,H2204,H2259) -> 0 | I2974: =SUM(I2094,I2149,I2204,I2259) -> 0 | J2974: =SUM(J2094,J2149,J2204,J2259) -> 0 | ... N2974: =SUM(N2094,N2149,N2204,N2259) -> 0
A2975: Prairie Hills Schools Total | B2975: Audiobook (new) | C2975: =SUM(C2095,C2150,C2205,C2260) -> 0 | D2975: =SUM(D2095,D2150,D2205,D2260) -> 0 | E2975: =SUM(E2095,E2150,E2205,E2260) -> 0 | F2975: =SUM(F2095,F2150,F2205,F2260) -> 0 | G2975: =SUM(G2095,G2150,G2205,G2260) -> 0 | H2975: =SUM(H2095,H2150,H2205,H2260) -> 0 | I2975: =SUM(I2095,I2150,I2205,I2260) -> 0 | J2975: =SUM(J2095,J2150,J2205,J2260) -> 0 | ... N2975: =SUM(N2095,N2150,N2205,N2260) -> 0
A2976: Prairie Hills Schools Total | B2976: Audiobook (preloaded player) | C2976: =SUM(C2096,C2151,C2206,C2261) -> 0 | D2976: =SUM(D2096,D2151,D2206,D2261) -> 0 | E2976: =SUM(E2096,E2151,E2206,E2261) -> 0 | F2976: =SUM(F2096,F2151,F2206,F2261) -> 0 | G2976: =SUM(G2096,G2151,G2206,G2261) -> 0 | H2976: =SUM(H2096,H2151,H2206,H2261) -> 0 | I2976: =SUM(I2096,I2151,I2206,I2261) -> 0 | J2976: =SUM(J2096,J2151,J2206,J2261) -> 0 | ... N2976: =SUM(N2096,N2151,N2206,N2261) -> 0
A2977: Prairie Hills Schools Total | B2977: Book | C2977: =SUM(C2097,C2152,C2207,C2262) -> 0 | D2977: =SUM(D2097,D2152,D2207,D2262) -> 0 | E2977: =SUM(E2097,E2152,E2207,E2262) -> 0 | F2977: =SUM(F2097,F2152,F2207,F2262) -> 0 | G2977: =SUM(G2097,G2152,G2207,G2262) -> 0 | H2977: =SUM(H2097,H2152,H2207,H2262) -> 0 | I2977: =SUM(I2097,I2152,I2207,I2262) -> 0 | J2977: =SUM(J2097,J2152,J2207,J2262) -> 0 | ... N2977: =SUM(N2097,N2152,N2207,N2262) -> 0
A2978: Prairie Hills Schools Total | B2978: Book - School District 454 | C2978: =SUM(C2098,C2153,C2208,C2263) -> 0 | D2978: =SUM(D2098,D2153,D2208,D2263) -> 0 | E2978: =SUM(E2098,E2153,E2208,E2263) -> 0 | F2978: =SUM(F2098,F2153,F2208,F2263) -> 0 | G2978: =SUM(G2098,G2153,G2208,G2263) -> 0 | H2978: =SUM(H2098,H2153,H2208,H2263) -> 0 | I2978: =SUM(I2098,I2153,I2208,I2263) -> 0 | J2978: =SUM(J2098,J2153,J2208,J2263) -> 0 | ... N2978: =SUM(N2098,N2153,N2208,N2263) -> 0
A2979: Prairie Hills Schools Total | B2979: Book (local requests only) | C2979: =SUM(C2099,C2154,C2209,C2264) -> 0 | D2979: =SUM(D2099,D2154,D2209,D2264) -> 0 | E2979: =SUM(E2099,E2154,E2209,E2264) -> 0 | F2979: =SUM(F2099,F2154,F2209,F2264) -> 0 | G2979: =SUM(G2099,G2154,G2209,G2264) -> 0 | H2979: =SUM(H2099,H2154,H2209,H2264) -> 0 | I2979: =SUM(I2099,I2154,I2209,I2264) -> 0 | J2979: =SUM(J2099,J2154,J2209,J2264) -> 0 | ... N2979: =SUM(N2099,N2154,N2209,N2264) -> 0
A2980: Prairie Hills Schools Total | B2980: Book (new) | C2980: =SUM(C2100,C2155,C2210,C2265) -> 0 | D2980: =SUM(D2100,D2155,D2210,D2265) -> 0 | E2980: =SUM(E2100,E2155,E2210,E2265) -> 0 | F2980: =SUM(F2100,F2155,F2210,F2265) -> 0 | G2980: =SUM(G2100,G2155,G2210,G2265) -> 0 | H2980: =SUM(H2100,H2155,H2210,H2265) -> 0 | I2980: =SUM(I2100,I2155,I2210,I2265) -> 0 | J2980: =SUM(J2100,J2155,J2210,J2265) -> 0 | ... N2980: =SUM(N2100,N2155,N2210,N2265) -> 0
A2981: Prairie Hills Schools Total | B2981: Book (no requests allowed) | C2981: =SUM(C2101,C2156,C2211,C2266) -> 0 | D2981: =SUM(D2101,D2156,D2211,D2266) -> 0 | E2981: =SUM(E2101,E2156,E2211,E2266) -> 0 | F2981: =SUM(F2101,F2156,F2211,F2266) -> 0 | G2981: =SUM(G2101,G2156,G2211,G2266) -> 0 | H2981: =SUM(H2101,H2156,H2211,H2266) -> 0 | I2981: =SUM(I2101,I2156,I2211,I2266) -> 0 | J2981: =SUM(J2101,J2156,J2211,J2266) -> 0 | ... N2981: =SUM(N2101,N2156,N2211,N2266) -> 0
A2982: Prairie Hills Schools Total | B2982: Book club set | C2982: =SUM(C2102,C2157,C2212,C2267) -> 0 | D2982: =SUM(D2102,D2157,D2212,D2267) -> 0 | E2982: =SUM(E2102,E2157,E2212,E2267) -> 0 | F2982: =SUM(F2102,F2157,F2212,F2267) -> 0 | G2982: =SUM(G2102,G2157,G2212,G2267) -> 0 | H2982: =SUM(H2102,H2157,H2212,H2267) -> 0 | I2982: =SUM(I2102,I2157,I2212,I2267) -> 0 | J2982: =SUM(J2102,J2157,J2212,J2267) -> 0 | ... N2982: =SUM(N2102,N2157,N2212,N2267) -> 0
A2983: Prairie Hills Schools Total | B2983: Bundle | C2983: =SUM(C2103,C2158,C2213,C2268) -> 0 | D2983: =SUM(D2103,D2158,D2213,D2268) -> 0 | E2983: =SUM(E2103,E2158,E2213,E2268) -> 0 | F2983: =SUM(F2103,F2158,F2213,F2268) -> 0 | G2983: =SUM(G2103,G2158,G2213,G2268) -> 0 | H2983: =SUM(H2103,H2158,H2213,H2268) -> 0 | I2983: =SUM(I2103,I2158,I2213,I2268) -> 0 | J2983: =SUM(J2103,J2158,J2213,J2268) -> 0 | ... N2983: =SUM(N2103,N2158,N2213,N2268) -> 0
... A3026: Prairie Hills Schools Total | B3026: Video game | C3026: =SUM(C2146,C2201,C2256,C2311) -> 0 | D3026: =SUM(D2146,D2201,D2256,D2311) -> 0 | E3026: =SUM(E2146,E2201,E2256,E2311) -> 0 | F3026: =SUM(F2146,F2201,F2256,F2311) -> 0 | G3026: =SUM(G2146,G2201,G2256,G2311) -> 0 | H3026: =SUM(H2146,H2201,H2256,H2311) -> 0 | I3026: =SUM(I2146,I2201,I2256,I2311) -> 0 | J3026: =SUM(J2146,J2201,J2256,J2311) -> 0 | ... N3026: =SUM(N2146,N2201,N2256,N2311) -> 0

Sheet Yearly total
A1: branchname | B1: ITEM TYPE | C1: TOTAL ITEMS | D1: ADULT ITEMS | E1: YOUNG ADULT ITEMS | F1: JUVENILE ITEMS | G1: TOTAL ADDED LM | H1: ADULT ADDED LM | I1: YOUNG ADULT ADDED LM | J1: JUVENILE ADDED LM | K1: TOTAL DELETED LM | L1: ADULT DELETED LM | M1: YOUNG ADULT DELETED LM | N1: JUVENILE DELETED LM
A2: Atchison Public Library | B2: (Unclassified) | C2: =December!C2 -> 0 | D2: =December!D2 -> 0 | E2: =December!E2 -> 0 | F2: =December!F2 -> 0 | G2: =SUM(January:December!C2) -> 0 | H2: =SUM(January:December!D2) -> 0 | I2: =SUM(January:December!E2) -> 0 | J2: =SUM(January:December!F2) -> 0 | K2: =SUM(January:December!G2) -> 0 | L2: =SUM(January:December!H2) -> 0 | M2: =SUM(January:December!I2) -> 0 | N2: =SUM(January:December!J2) -> 0
A3: Atchison Public Library | B3: Audiobook (CDs or cassettes) | C3: =December!C3 -> 0 | D3: =December!D3 -> 0 | E3: =December!E3 -> 0 | F3: =December!F3 -> 0 | G3: =SUM(January:December!C3) -> 22927 | H3: =SUM(January:December!D3) -> 22369 | I3: =SUM(January:December!E3) -> 18 | J3: =SUM(January:December!F3) -> 540 | K3: =SUM(January:December!G3) -> 9 | L3: =SUM(January:December!H3) -> 7 | M3: =SUM(January:December!I3) -> 0 | N3: =SUM(January:December!J3) -> 2
A4: Atchison Public Library | B4: Audiobook (digital media) | C4: =December!C4 -> 0 | D4: =December!D4 -> 0 | E4: =December!E4 -> 0 | F4: =December!F4 -> 0 | G4: =SUM(January:December!C4) -> 0 | H4: =SUM(January:December!D4) -> 0 | I4: =SUM(January:December!E4) -> 0 | J4: =SUM(January:December!F4) -> 0 | K4: =SUM(January:December!G4) -> 0 | L4: =SUM(January:December!H4) -> 0 | M4: =SUM(January:December!I4) -> 0 | N4: =SUM(January:December!J4) -> 0
A5: Atchison Public Library | B5: Audiobook (new) | C5: =December!C5 -> 0 | D5: =December!D5 -> 0 | E5: =December!E5 -> 0 | F5: =December!F5 -> 0 | G5: =SUM(January:December!C5) -> 316 | H5: =SUM(January:December!D5) -> 316 | I5: =SUM(January:December!E5) -> 0 | J5: =SUM(January:December!F5) -> 0 | K5: =SUM(January:December!G5) -> 18 | L5: =SUM(January:December!H5) -> 18 | M5: =SUM(January:December!I5) -> 0 | N5: =SUM(January:December!J5) -> 0
A6: Atchison Public Library | B6: Audiobook (preloaded player) | C6: =December!C6 -> 0 | D6: =December!D6 -> 0 | E6: =December!E6 -> 0 | F6: =December!F6 -> 0 | G6: =SUM(January:December!C6) -> 63 | H6: =SUM(January:December!D6) -> 63 | I6: =SUM(January:December!E6) -> 0 | J6: =SUM(January:December!F6) -> 0 | K6: =SUM(January:December!G6) -> 7 | L6: =SUM(January:December!H6) -> 7 | M6: =SUM(January:December!I6) -> 0 | N6: =SUM(January:December!J6) -> 0
A7: Atchison Public Library | B7: Book | C7: =December!C7 -> 0 | D7: =December!D7 -> 0 | E7: =December!E7 -> 0 | F7: =December!F7 -> 0 | G7: =SUM(January:December!C7) -> 467849 | H7: =SUM(January:December!D7) -> 290858 | I7: =SUM(January:December!E7) -> 45241 | J7: =SUM(January:December!F7) -> 131750 | K7: =SUM(January:December!G7) -> 190 | L7: =SUM(January:December!H7) -> 109 | M7: =SUM(January:December!I7) -> 39 | N7: =SUM(January:December!J7) -> 42
A8: Atchison Public Library | B8: Book - School District 454 | C8: =December!C8 -> 0 | D8: =December!D8 -> 0 | E8: =December!E8 -> 0 | F8: =December!F8 -> 0 | G8: =SUM(January:December!C8) -> 0 | H8: =SUM(January:December!D8) -> 0 | I8: =SUM(January:December!E8) -> 0 | J8: =SUM(January:December!F8) -> 0 | K8: =SUM(January:December!G8) -> 0 | L8: =SUM(January:December!H8) -> 0 | M8: =SUM(January:December!I8) -> 0 | N8: =SUM(January:December!J8) -> 0
A9: Atchison Public Library | B9: Book (local requests only) | C9: =December!C9 -> 0 | D9: =December!D9 -> 0 | E9: =December!E9 -> 0 | F9: =December!F9 -> 0 | G9: =SUM(January:December!C9) -> 0 | H9: =SUM(January:December!D9) -> 0 | I9: =SUM(January:December!E9) -> 0 | J9: =SUM(January:December!F9) -> 0 | K9: =SUM(January:December!G9) -> 0 | L9: =SUM(January:December!H9) -> 0 | M9: =SUM(January:December!I9) -> 0 | N9: =SUM(January:December!J9) -> 0
A10: Atchison Public Library | B10: Book (new) | C10: =December!C10 -> 0 | D10: =December!D10 -> 0 | E10: =December!E10 -> 0 | F10: =December!F10 -> 0 | G10: =SUM(January:December!C10) -> 9355 | H10: =SUM(January:December!D10) -> 5930 | I10: =SUM(January:December!E10) -> 1112 | J10: =SUM(January:December!F10) -> 2313 | K10: =SUM(January:December!G10) -> 2218 | L10: =SUM(January:December!H10) -> 1489 | M10: =SUM(January:December!I10) -> 274 | N10: =SUM(January:December!J10) -> 455
A11: Atchison Public Library | B11: Book (no requests allowed) | C11: =December!C11 -> 0 | D11: =December!D11 -> 0 | E11: =December!E11 -> 0 | F11: =December!F11 -> 0 | G11: =SUM(January:December!C11) -> 0 | H11: =SUM(January:December!D11) -> 0 | I11: =SUM(January:December!E11) -> 0 | J11: =SUM(January:December!F11) -> 0 | K11: =SUM(January:December!G11) -> 0 | L11: =SUM(January:December!H11) -> 0 | M11: =SUM(January:December!I11) -> 0 | N11: =SUM(January:December!J11) -> 0
A12: Atchison Public Library | B12: Book club set | C12: =December!C12 -> 0 | D12: =December!D12 -> 0 | E12: =December!E12 -> 0 | F12: =December!F12 -> 0 | G12: =SUM(January:December!C12) -> 0 | H12: =SUM(January:December!D12) -> 0 | I12: =SUM(January:December!E12) -> 0 | J12: =SUM(January:December!F12) -> 0 | K12: =SUM(January:December!G12) -> 0 | L12: =SUM(January:December!H12) -> 0 | M12: =SUM(January:December!I12) -> 0 | N12: =SUM(January:December!J12) -> 0
A13: Atchison Public Library | B13: Bundle
A14: Atchison Public Library | B14: Computers and internet - Laptop computer | C14: =December!C14 -> 0 | D14: =December!D14 -> 0 | E14: =December!E14 -> 0 | F14: =December!F14 -> 0 | G14: =SUM(January:December!C14) -> 0 | H14: =SUM(January:December!D14) -> 0 | I14: =SUM(January:December!E14) -> 0 | J14: =SUM(January:December!F14) -> 0 | K14: =SUM(January:December!G14) -> 0 | L14: =SUM(January:December!H14) -> 0 | M14: =SUM(January:December!I14) -> 0 | N14: =SUM(January:December!J14) -> 0
A15: Atchison Public Library | B15: Computers and internet - Launchpad tablet | C15: =December!C15 -> 0 | D15: =December!D15 -> 0 | E15: =December!E15 -> 0 | F15: =December!F15 -> 0 | G15: =SUM(January:December!C15) -> 9 | H15: =SUM(January:December!D15) -> 0 | I15: =SUM(January:December!E15) -> 0 | J15: =SUM(January:December!F15) -> 9 | K15: =SUM(January:December!G15) -> 0 | L15: =SUM(January:December!H15) -> 0 | M15: =SUM(January:December!I15) -> 0 | N15: =SUM(January:December!J15) -> 0
A16: Atchison Public Library | B16: Computers and internet - Public computer | C16: =December!C16 -> 0 | D16: =December!D16 -> 0 | E16: =December!E16 -> 0 | F16: =December!F16 -> 0 | G16: =SUM(January:December!C16) -> 0 | H16: =SUM(January:December!D16) -> 0 | I16: =SUM(January:December!E16) -> 0 | J16: =SUM(January:December!F16) -> 0 | K16: =SUM(January:December!G16) -> 0 | L16: =SUM(January:December!H16) -> 0 | M16: =SUM(January:December!I16) -> 0 | N16: =SUM(January:December!J16) -> 0
A17: Atchison Public Library | B17: Computers and internet - Software | C17: =December!C17 -> 0 | D17: =December!D17 -> 0 | E17: =December!E17 -> 0 | F17: =December!F17 -> 0 | G17: =SUM(January:December!C17) -> 0 | H17: =SUM(January:December!D17) -> 0 | I17: =SUM(January:December!E17) -> 0 | J17: =SUM(January:December!F17) -> 0 | K17: =SUM(January:December!G17) -> 0 | L17: =SUM(January:December!H17) -> 0 | M17: =SUM(January:December!I17) -> 0 | N17: =SUM(January:December!J17) -> 0
A18: Atchison Public Library | B18: Computers and internet - Tablets, e-readers, and personal computing devices | C18: =December!C18 -> 0 | D18: =December!D18 -> 0 | E18: =December!E18 -> 0 | F18: =December!F18 -> 0 | G18: =SUM(January:December!C18) -> 0 | H18: =SUM(January:December!D18) -> 0 | I18: =SUM(January:December!E18) -> 0 | J18: =SUM(January:December!F18) -> 0 | K18: =SUM(January:December!G18) -> 0 | L18: =SUM(January:December!H18) -> 0 | M18: =SUM(January:December!I18) -> 0 | N18: =SUM(January:December!J18) -> 0
A19: Atchison Public Library | B19: Computers and internet - Wireless internet hotspot | C19: =December!C19 -> 0 | D19: =December!D19 -> 0 | E19: =December!E19 -> 0 | F19: =December!F19 -> 0 | G19: =SUM(January:December!C19) -> 0 | H19: =SUM(January:December!D19) -> 0 | I19: =SUM(January:December!E19) -> 0 | J19: =SUM(January:December!F19) -> 0 | K19: =SUM(January:December!G19) -> 0 | L19: =SUM(January:December!H19) -> 0 | M19: =SUM(January:December!I19) -> 0 | N19: =SUM(January:December!J19) -> 0
A20: Atchison Public Library | B20: E-content - Digital content | C20: =December!C20 -> 0 | D20: =December!D20 -> 0 | E20: =December!E20 -> 0 | F20: =December!F20 -> 0 | G20: =SUM(January:December!C20) -> 0 | H20: =SUM(January:December!D20) -> 0 | I20: =SUM(January:December!E20) -> 0 | J20: =SUM(January:December!F20) -> 0 | K20: =SUM(January:December!G20) -> 0 | L20: =SUM(January:December!H20) -> 0 | M20: =SUM(January:December!I20) -> 0 | N20: =SUM(January:December!J20) -> 0
A21: Atchison Public Library | B21: Inter-library loan | C21: =December!C21 -> 0 | D21: =December!D21 -> 0 | E21: =December!E21 -> 0 | F21: =December!F21 -> 0 | G21: =SUM(January:December!C21) -> 453 | H21: =SUM(January:December!D21) -> 408 | I21: =SUM(January:December!E21) -> 0 | J21: =SUM(January:December!F21) -> 45 | K21: =SUM(January:December!G21) -> 114 | L21: =SUM(January:December!H21) -> 114 | M21: =SUM(January:December!I21) -> 0 | N21: =SUM(January:December!J21) -> 0
A22: Atchison Public Library | B22: Inter-library loan - 07 day loan | C22: =December!C22 -> 0 | D22: =December!D22 -> 0 | E22: =December!E22 -> 0 | F22: =December!F22 -> 0 | G22: =SUM(January:December!C22) -> 0 | H22: =SUM(January:December!D22) -> 0 | I22: =SUM(January:December!E22) -> 0 | J22: =SUM(January:December!F22) -> 0 | K22: =SUM(January:December!G22) -> 0 | L22: =SUM(January:December!H22) -> 0 | M22: =SUM(January:December!I22) -> 0 | N22: =SUM(January:December!J22) -> 0
A23: Atchison Public Library | B23: Inter-library loan - 14 day loan | C23: =December!C23 -> 0 | D23: =December!D23 -> 0 | E23: =December!E23 -> 0 | F23: =December!F23 -> 0 | G23: =SUM(January:December!C23) -> 0 | H23: =SUM(January:December!D23) -> 0 | I23: =SUM(January:December!E23) -> 0 | J23: =SUM(January:December!F23) -> 0 | K23: =SUM(January:December!G23) -> 0 | L23: =SUM(January:December!H23) -> 0 | M23: =SUM(January:December!I23) -> 0 | N23: =SUM(January:December!J23) -> 0
A24: Atchison Public Library | B24: Inter-library loan - 21 day loan | C24: =December!C24 -> 0 | D24: =December!D24 -> 0 | E24: =December!E24 -> 0 | F24: =December!F24 -> 0 | G24: =SUM(January:December!C24) -> 0 | H24: =SUM(January:December!D24) -> 0 | I24: =SUM(January:December!E24) -> 0 | J24: =SUM(January:December!F24) -> 0 | K24: =SUM(January:December!G24) -> 0 | L24: =SUM(January:December!H24) -> 0 | M24: =SUM(January:December!I24) -> 0 | N24: =SUM(January:December!J24) -> 0
A25: Atchison Public Library | B25: Inter-library loan - 28 day loan | C25: =December!C25 -> 0 | D25: =December!D25 -> 0 | E25: =December!E25 -> 0 | F25: =December!F25 -> 0 | G25: =SUM(January:December!C25) -> 0 | H25: =SUM(January:December!D25) -> 0 | I25: =SUM(January:December!E25) -> 0 | J25: =SUM(January:December!F25) -> 0 | K25: =SUM(January:December!G25) -> 0 | L25: =SUM(January:December!H25) -> 0 | M25: =SUM(January:December!I25) -> 0 | N25: =SUM(January:December!J25) -> 0
... A67: Baldwin City Public Library | B67: Book club set | C67: =December!C67 -> 0 | D67: =December!D67 -> 0 | E67: =December!E67 -> 0 | F67: =December!F67 -> 0 | G67: =SUM(January:December!C67) -> 9 | H67: =SUM(January:December!D67) -> 9 | I67: =SUM(January:December!E67) -> 0 | J67: =SUM(January:December!F67) -> 0 | K67: =SUM(January:December!G67) -> 0 | L67: =SUM(January:December!H67) -> 0 | M67: =SUM(January:December!I67) -> 0 | N67: =SUM(January:December!J67) -> 0
A68: Baldwin City Public Library | B68: Bundle
A69: Baldwin City Public Library | B69: Computers and internet - Laptop computer | C69: =December!C69 -> 0 | D69: =December!D69 -> 0 | E69: =December!E69 -> 0 | F69: =December!F69 -> 0 | G69: =SUM(January:December!C69) -> 180 | H69: =SUM(January:December!D69) -> 171 | I69: =SUM(January:December!E69) -> 0 | J69: =SUM(January:December!F69) -> 9 | K69: =SUM(January:December!G69) -> 0 | L69: =SUM(January:December!H69) -> 0 | M69: =SUM(January:December!I69) -> 0 | N69: =SUM(January:December!J69) -> 0
A70: Baldwin City Public Library | B70: Computers and internet - Launchpad tablet | C70: =December!C70 -> 0 | D70: =December!D70 -> 0 | E70: =December!E70 -> 0 | F70: =December!F70 -> 0 | G70: =SUM(January:December!C70) -> 18 | H70: =SUM(January:December!D70) -> 0 | I70: =SUM(January:December!E70) -> 0 | J70: =SUM(January:December!F70) -> 18 | K70: =SUM(January:December!G70) -> 0 | L70: =SUM(January:December!H70) -> 0 | M70: =SUM(January:December!I70) -> 0 | N70: =SUM(January:December!J70) -> 0
A71: Baldwin City Public Library | B71: Computers and internet - Public computer | C71: =December!C71 -> 0 | D71: =December!D71 -> 0 | E71: =December!E71 -> 0 | F71: =December!F71 -> 0 | G71: =SUM(January:December!C71) -> 81 | H71: =SUM(January:December!D71) -> 81 | I71: =SUM(January:December!E71) -> 0 | J71: =SUM(January:December!F71) -> 0 | K71: =SUM(January:December!G71) -> 0 | L71: =SUM(January:December!H71) -> 0 | M71: =SUM(January:December!I71) -> 0 | N71: =SUM(January:December!J71) -> 0
A72: Baldwin City Public Library | B72: Computers and internet - Software | C72: =December!C72 -> 0 | D72: =December!D72 -> 0 | E72: =December!E72 -> 0 | F72: =December!F72 -> 0 | G72: =SUM(January:December!C72) -> 0 | H72: =SUM(January:December!D72) -> 0 | I72: =SUM(January:December!E72) -> 0 | J72: =SUM(January:December!F72) -> 0 | K72: =SUM(January:December!G72) -> 0 | L72: =SUM(January:December!H72) -> 0 | M72: =SUM(January:December!I72) -> 0 | N72: =SUM(January:December!J72) -> 0
A73: Baldwin City Public Library | B73: Computers and internet - Tablets, e-readers, and personal computing devices | C73: =December!C73 -> 0 | D73: =December!D73 -> 0 | E73: =December!E73 -> 0 | F73: =December!F73 -> 0 | G73: =SUM(January:December!C73) -> 0 | H73: =SUM(January:December!D73) -> 0 | I73: =SUM(January:December!E73) -> 0 | J73: =SUM(January:December!F73) -> 0 | K73: =SUM(January:December!G73) -> 0 | L73: =SUM(January:December!H73) -> 0 | M73: =SUM(January:December!I73) -> 0 | N73: =SUM(January:December!J73) -> 0
A74: Baldwin City Public Library | B74: Computers and internet - Wireless internet hotspot | C74: =December!C74 -> 0 | D74: =December!D74 -> 0 | E74: =December!E74 -> 0 | F74: =December!F74 -> 0 | G74: =SUM(January:December!C74) -> 0 | H74: =SUM(January:December!D74) -> 0 | I74: =SUM(January:December!E74) -> 0 | J74: =SUM(January:December!F74) -> 0 | K74: =SUM(January:December!G74) -> 0 | L74: =SUM(January:December!H74) -> 0 | M74: =SUM(January:December!I74) -> 0 | N74: =SUM(January:December!J74) -> 0
A75: Baldwin City Public Library | B75: E-content - Digital content | C75: =December!C75 -> 0 | D75: =December!D75 -> 0 | E75: =December!E75 -> 0 | F75: =December!F75 -> 0 | G75: =SUM(January:December!C75) -> 0 | H75: =SUM(January:December!D75) -> 0 | I75: =SUM(January:December!E75) -> 0 | J75: =SUM(January:December!F75) -> 0 | K75: =SUM(January:December!G75) -> 0 | L75: =SUM(January:December!H75) -> 0 | M75: =SUM(January:December!I75) -> 0 | N75: =SUM(January:December!J75) -> 0
A76: Baldwin City Public Library | B76: Inter-library loan | C76: =December!C76 -> 0 | D76: =December!D76 -> 0 | E76: =December!E76 -> 0 | F76: =December!F76 -> 0 | G76: =SUM(January:December!C76) -> 74 | H76: =SUM(January:December!D76) -> 70 | I76: =SUM(January:December!E76) -> 0 | J76: =SUM(January:December!F76) -> 4 | K76: =SUM(January:December!G76) -> 40 | L76: =SUM(January:December!H76) -> 40 | M76: =SUM(January:December!I76) -> 0 | N76: =SUM(January:December!J76) -> 0
A77: Baldwin City Public Library | B77: Inter-library loan - 07 day loan | C77: =December!C77 -> 0 | D77: =December!D77 -> 0 | E77: =December!E77 -> 0 | F77: =December!F77 -> 0 | G77: =SUM(January:December!C77) -> 0 | H77: =SUM(January:December!D77) -> 0 | I77: =SUM(January:December!E77) -> 0 | J77: =SUM(January:December!F77) -> 0 | K77: =SUM(January:December!G77) -> 0 | L77: =SUM(January:December!H77) -> 0 | M77: =SUM(January:December!I77) -> 0 | N77: =SUM(January:December!J77) -> 0
A78: Baldwin City Public Library | B78: Inter-library loan - 14 day loan | C78: =December!C78 -> 0 | D78: =December!D78 -> 0 | E78: =December!E78 -> 0 | F78: =December!F78 -> 0 | G78: =SUM(January:December!C78) -> 0 | H78: =SUM(January:December!D78) -> 0 | I78: =SUM(January:December!E78) -> 0 | J78: =SUM(January:December!F78) -> 0 | K78: =SUM(January:December!G78) -> 0 | L78: =SUM(January:December!H78) -> 0 | M78: =SUM(January:December!I78) -> 0 | N78: =SUM(January:December!J78) -> 0
A79: Baldwin City Public Library | B79: Inter-library loan - 21 day loan | C79: =December!C79 -> 0 | D79: =December!D79 -> 0 | E79: =December!E79 -> 0 | F79: =December!F79 -> 0 | G79: =SUM(January:December!C79) -> 0 | H79: =SUM(January:December!D79) -> 0 | I79: =SUM(January:December!E79) -> 0 | J79: =SUM(January:December!F79) -> 0 | K79: =SUM(January:December!G79) -> 0 | L79: =SUM(January:December!H79) -> 0 | M79: =SUM(January:December!I79) -> 0 | N79: =SUM(January:December!J79) -> 0
A80: Baldwin City Public Library | B80: Inter-library loan - 28 day loan | C80: =December!C80 -> 0 | D80: =December!D80 -> 0 | E80: =December!E80 -> 0 | F80: =December!F80 -> 0 | G80: =SUM(January:December!C80) -> 0 | H80: =SUM(January:December!D80) -> 0 | I80: =SUM(January:December!E80) -> 0 | J80: =SUM(January:December!F80) -> 0 | K80: =SUM(January:December!G80) -> 0 | L80: =SUM(January:December!H80) -> 0 | M80: =SUM(January:December!I80) -> 0 | N80: =SUM(January:December!J80) -> 0
... A122: Basehor Community Library | B122: Book club set | C122: =December!C122 -> 0 | D122: =December!D122 -> 0 | E122: =December!E122 -> 0 | F122: =December!F122 -> 0 | G122: =SUM(January:December!C122) -> 0 | H122: =SUM(January:December!D122) -> 0 | I122: =SUM(January:December!E122) -> 0 | J122: =SUM(January:December!F122) -> 0 | K122: =SUM(January:December!G122) -> 0 | L122: =SUM(January:December!H122) -> 0 | M122: =SUM(January:December!I122) -> 0 | N122: =SUM(January:December!J122) -> 0
A123: Basehor Community Library | B123: Bundle
A124: Basehor Community Library | B124: Computers and internet - Laptop computer | C124: =December!C124 -> 0 | D124: =December!D124 -> 0 | E124: =December!E124 -> 0 | F124: =December!F124 -> 0 | G124: =SUM(January:December!C124) -> 18 | H124: =SUM(January:December!D124) -> 18 | I124: =SUM(January:December!E124) -> 0 | J124: =SUM(January:December!F124) -> 0 | K124: =SUM(January:December!G124) -> 0 | L124: =SUM(January:December!H124) -> 0 | M124: =SUM(January:December!I124) -> 0 | N124: =SUM(January:December!J124) -> 0
A125: Basehor Community Library | B125: Computers and internet - Launchpad tablet | C125: =December!C125 -> 0 | D125: =December!D125 -> 0 | E125: =December!E125 -> 0 | F125: =December!F125 -> 0 | G125: =SUM(January:December!C125) -> 9 | H125: =SUM(January:December!D125) -> 0 | I125: =SUM(January:December!E125) -> 9 | J125: =SUM(January:December!F125) -> 0 | K125: =SUM(January:December!G125) -> 0 | L125: =SUM(January:December!H125) -> 0 | M125: =SUM(January:December!I125) -> 0 | N125: =SUM(January:December!J125) -> 0
A126: Basehor Community Library | B126: Computers and internet - Public computer | C126: =December!C126 -> 0 | D126: =December!D126 -> 0 | E126: =December!E126 -> 0 | F126: =December!F126 -> 0 | G126: =SUM(January:December!C126) -> 14 | H126: =SUM(January:December!D126) -> 14 | I126: =SUM(January:December!E126) -> 0 | J126: =SUM(January:December!F126) -> 0 | K126: =SUM(January:December!G126) -> 1 | L126: =SUM(January:December!H126) -> 1 | M126: =SUM(January:December!I126) -> 0 | N126: =SUM(January:December!J126) -> 0
A127: Basehor Community Library | B127: Computers and internet - Software | C127: =December!C127 -> 0 | D127: =December!D127 -> 0 | E127: =December!E127 -> 0 | F127: =December!F127 -> 0 | G127: =SUM(January:December!C127) -> 0 | H127: =SUM(January:December!D127) -> 0 | I127: =SUM(January:December!E127) -> 0 | J127: =SUM(January:December!F127) -> 0 | K127: =SUM(January:December!G127) -> 0 | L127: =SUM(January:December!H127) -> 0 | M127: =SUM(January:December!I127) -> 0 | N127: =SUM(January:December!J127) -> 0
A128: Basehor Community Library | B128: Computers and internet - Tablets, e-readers, and personal computing devices | C128: =December!C128 -> 0 | D128: =December!D128 -> 0 | E128: =December!E128 -> 0 | F128: =December!F128 -> 0 | G128: =SUM(January:December!C128) -> 0 | H128: =SUM(January:December!D128) -> 0 | I128: =SUM(January:December!E128) -> 0 | J128: =SUM(January:December!F128) -> 0 | K128: =SUM(January:December!G128) -> 0 | L128: =SUM(January:December!H128) -> 0 | M128: =SUM(January:December!I128) -> 0 | N128: =SUM(January:December!J128) -> 0
A129: Basehor Community Library | B129: Computers and internet - Wireless internet hotspot | C129: =December!C129 -> 0 | D129: =December!D129 -> 0 | E129: =December!E129 -> 0 | F129: =December!F129 -> 0 | G129: =SUM(January:December!C129) -> 45 | H129: =SUM(January:December!D129) -> 45 | I129: =SUM(January:December!E129) -> 0 | J129: =SUM(January:December!F129) -> 0 | K129: =SUM(January:December!G129) -> 0 | L129: =SUM(January:December!H129) -> 0 | M129: =SUM(January:December!I129) -> 0 | N129: =SUM(January:December!J129) -> 0
A130: Basehor Community Library | B130: E-content - Digital content | C130: =December!C130 -> 0 | D130: =December!D130 -> 0 | E130: =December!E130 -> 0 | F130: =December!F130 -> 0 | G130: =SUM(January:December!C130) -> 0 | H130: =SUM(January:December!D130) -> 0 | I130: =SUM(January:December!E130) -> 0 | J130: =SUM(January:December!F130) -> 0 | K130: =SUM(January:December!G130) -> 0 | L130: =SUM(January:December!H130) -> 0 | M130: =SUM(January:December!I130) -> 0 | N130: =SUM(January:December!J130) -> 0
A131: Basehor Community Library | B131: Inter-library loan | C131: =December!C131 -> 0 | D131: =December!D131 -> 0 | E131: =December!E131 -> 0 | F131: =December!F131 -> 0 | G131: =SUM(January:December!C131) -> 238 | H131: =SUM(January:December!D131) -> 238 | I131: =SUM(January:December!E131) -> 0 | J131: =SUM(January:December!F131) -> 0 | K131: =SUM(January:December!G131) -> 82 | L131: =SUM(January:December!H131) -> 82 | M131: =SUM(January:December!I131) -> 0 | N131: =SUM(January:December!J131) -> 0
A132: Basehor Community Library | B132: Inter-library loan - 07 day loan | C132: =December!C132 -> 0 | D132: =December!D132 -> 0 | E132: =December!E132 -> 0 | F132: =December!F132 -> 0 | G132: =SUM(January:December!C132) -> 0 | H132: =SUM(January:December!D132) -> 0 | I132: =SUM(January:December!E132) -> 0 | J132: =SUM(January:December!F132) -> 0 | K132: =SUM(January:December!G132) -> 0 | L132: =SUM(January:December!H132) -> 0 | M132: =SUM(January:December!I132) -> 0 | N132: =SUM(January:December!J132) -> 0
A133: Basehor Community Library | B133: Inter-library loan - 14 day loan | C133: =December!C133 -> 0 | D133: =December!D133 -> 0 | E133: =December!E133 -> 0 | F133: =December!F133 -> 0 | G133: =SUM(January:December!C133) -> 0 | H133: =SUM(January:December!D133) -> 0 | I133: =SUM(January:December!E133) -> 0 | J133: =SUM(January:December!F133) -> 0 | K133: =SUM(January:December!G133) -> 0 | L133: =SUM(January:December!H133) -> 0 | M133: =SUM(January:December!I133) -> 0 | N133: =SUM(January:December!J133) -> 0
A134: Basehor Community Library | B134: Inter-library loan - 21 day loan | C134: =December!C134 -> 0 | D134: =December!D134 -> 0 | E134: =December!E134 -> 0 | F134: =December!F134 -> 0 | G134: =SUM(January:December!C134) -> 0 | H134: =SUM(January:December!D134) -> 0 | I134: =SUM(January:December!E134) -> 0 | J134: =SUM(January:December!F134) -> 0 | K134: =SUM(January:December!G134) -> 0 | L134: =SUM(January:December!H134) -> 0 | M134: =SUM(January:December!I134) -> 0 | N134: =SUM(January:December!J134) -> 0
A135: Basehor Community Library | B135: Inter-library loan - 28 day loan | C135: =December!C135 -> 0 | D135: =December!D135 -> 0 | E135: =December!E135 -> 0 | F135: =December!F135 -> 0 | G135: =SUM(January:December!C135) -> 0 | H135: =SUM(January:December!D135) -> 0 | I135: =SUM(January:December!E135) -> 0 | J135: =SUM(January:December!F135) -> 0 | K135: =SUM(January:December!G135) -> 0 | L135: =SUM(January:December!H135) -> 0 | M135: =SUM(January:December!I135) -> 0 | N135: =SUM(January:December!J135) -> 0
... A177: Bern Community Library | B177: Book club set | C177: =December!C177 -> 0 | D177: =December!D177 -> 0 | E177: =December!E177 -> 0 | F177: =December!F177 -> 0 | G177: =SUM(January:December!C177) -> 0 | H177: =SUM(January:December!D177) -> 0 | I177: =SUM(January:December!E177) -> 0 | J177: =SUM(January:December!F177) -> 0 | K177: =SUM(January:December!G177) -> 0 | L177: =SUM(January:December!H177) -> 0 | M177: =SUM(January:December!I177) -> 0 | N177: =SUM(January:December!J177) -> 0
A178: Bern Community Library | B178: Bundle
A179: Bern Community Library | B179: Computers and internet - Laptop computer | C179: =December!C179 -> 0 | D179: =December!D179 -> 0 | E179: =December!E179 -> 0 | F179: =December!F179 -> 0 | G179: =SUM(January:December!C179) -> 0 | H179: =SUM(January:December!D179) -> 0 | I179: =SUM(January:December!E179) -> 0 | J179: =SUM(January:December!F179) -> 0 | K179: =SUM(January:December!G179) -> 0 | L179: =SUM(January:December!H179) -> 0 | M179: =SUM(January:December!I179) -> 0 | N179: =SUM(January:December!J179) -> 0
A180: Bern Community Library | B180: Computers and internet - Launchpad tablet | C180: =December!C180 -> 0 | D180: =December!D180 -> 0 | E180: =December!E180 -> 0 | F180: =December!F180 -> 0 | G180: =SUM(January:December!C180) -> 18 | H180: =SUM(January:December!D180) -> 0 | I180: =SUM(January:December!E180) -> 9 | J180: =SUM(January:December!F180) -> 9 | K180: =SUM(January:December!G180) -> 0 | L180: =SUM(January:December!H180) -> 0 | M180: =SUM(January:December!I180) -> 0 | N180: =SUM(January:December!J180) -> 0
A181: Bern Community Library | B181: Computers and internet - Public computer | C181: =December!C181 -> 0 | D181: =December!D181 -> 0 | E181: =December!E181 -> 0 | F181: =December!F181 -> 0 | G181: =SUM(January:December!C181) -> 0 | H181: =SUM(January:December!D181) -> 0 | I181: =SUM(January:December!E181) -> 0 | J181: =SUM(January:December!F181) -> 0 | K181: =SUM(January:December!G181) -> 0 | L181: =SUM(January:December!H181) -> 0 | M181: =SUM(January:December!I181) -> 0 | N181: =SUM(January:December!J181) -> 0
A182: Bern Community Library | B182: Computers and internet - Software | C182: =December!C182 -> 0 | D182: =December!D182 -> 0 | E182: =December!E182 -> 0 | F182: =December!F182 -> 0 | G182: =SUM(January:December!C182) -> 0 | H182: =SUM(January:December!D182) -> 0 | I182: =SUM(January:December!E182) -> 0 | J182: =SUM(January:December!F182) -> 0 | K182: =SUM(January:December!G182) -> 0 | L182: =SUM(January:December!H182) -> 0 | M182: =SUM(January:December!I182) -> 0 | N182: =SUM(January:December!J182) -> 0
A183: Bern Community Library | B183: Computers and internet - Tablets, e-readers, and personal computing devices | C183: =December!C183 -> 0 | D183: =December!D183 -> 0 | E183: =December!E183 -> 0 | F183: =December!F183 -> 0 | G183: =SUM(January:December!C183) -> 0 | H183: =SUM(January:December!D183) -> 0 | I183: =SUM(January:December!E183) -> 0 | J183: =SUM(January:December!F183) -> 0 | K183: =SUM(January:December!G183) -> 0 | L183: =SUM(January:December!H183) -> 0 | M183: =SUM(January:December!I183) -> 0 | N183: =SUM(January:December!J183) -> 0
A184: Bern Community Library | B184: Computers and internet - Wireless internet hotspot | C184: =December!C184 -> 0 | D184: =December!D184 -> 0 | E184: =December!E184 -> 0 | F184: =December!F184 -> 0 | G184: =SUM(January:December!C184) -> 0 | H184: =SUM(January:December!D184) -> 0 | I184: =SUM(January:December!E184) -> 0 | J184: =SUM(January:December!F184) -> 0 | K184: =SUM(January:December!G184) -> 0 | L184: =SUM(January:December!H184) -> 0 | M184: =SUM(January:December!I184) -> 0 | N184: =SUM(January:December!J184) -> 0
A185: Bern Community Library | B185: E-content - Digital content | C185: =December!C185 -> 0 | D185: =December!D185 -> 0 | E185: =December!E185 -> 0 | F185: =December!F185 -> 0 | G185: =SUM(January:December!C185) -> 0 | H185: =SUM(January:December!D185) -> 0 | I185: =SUM(January:December!E185) -> 0 | J185: =SUM(January:December!F185) -> 0 | K185: =SUM(January:December!G185) -> 0 | L185: =SUM(January:December!H185) -> 0 | M185: =SUM(January:December!I185) -> 0 | N185: =SUM(January:December!J185) -> 0
A186: Bern Community Library | B186: Inter-library loan | C186: =December!C186 -> 0 | D186: =December!D186 -> 0 | E186: =December!E186 -> 0 | F186: =December!F186 -> 0 | G186: =SUM(January:December!C186) -> 0 | H186: =SUM(January:December!D186) -> 0 | I186: =SUM(January:December!E186) -> 0 | J186: =SUM(January:December!F186) -> 0 | K186: =SUM(January:December!G186) -> 0 | L186: =SUM(January:December!H186) -> 0 | M186: =SUM(January:December!I186) -> 0 | N186: =SUM(January:December!J186) -> 0
A187: Bern Community Library | B187: Inter-library loan - 07 day loan | C187: =December!C187 -> 0 | D187: =December!D187 -> 0 | E187: =December!E187 -> 0 | F187: =December!F187 -> 0 | G187: =SUM(January:December!C187) -> 0 | H187: =SUM(January:December!D187) -> 0 | I187: =SUM(January:December!E187) -> 0 | J187: =SUM(January:December!F187) -> 0 | K187: =SUM(January:December!G187) -> 0 | L187: =SUM(January:December!H187) -> 0 | M187: =SUM(January:December!I187) -> 0 | N187: =SUM(January:December!J187) -> 0
A188: Bern Community Library | B188: Inter-library loan - 14 day loan | C188: =December!C188 -> 0 | D188: =December!D188 -> 0 | E188: =December!E188 -> 0 | F188: =December!F188 -> 0 | G188: =SUM(January:December!C188) -> 0 | H188: =SUM(January:December!D188) -> 0 | I188: =SUM(January:December!E188) -> 0 | J188: =SUM(January:December!F188) -> 0 | K188: =SUM(January:December!G188) -> 0 | L188: =SUM(January:December!H188) -> 0 | M188: =SUM(January:December!I188) -> 0 | N188: =SUM(January:December!J188) -> 0
A189: Bern Community Library | B189: Inter-library loan - 21 day loan | C189: =December!C189 -> 0 | D189: =December!D189 -> 0 | E189: =December!E189 -> 0 | F189: =December!F189 -> 0 | G189: =SUM(January:December!C189) -> 0 | H189: =SUM(January:December!D189) -> 0 | I189: =SUM(January:December!E189) -> 0 | J189: =SUM(January:December!F189) -> 0 | K189: =SUM(January:December!G189) -> 0 | L189: =SUM(January:December!H189) -> 0 | M189: =SUM(January:December!I189) -> 0 | N189: =SUM(January:December!J189) -> 0
A190: Bern Community Library | B190: Inter-library loan - 28 day loan | C190: =December!C190 -> 0 | D190: =December!D190 -> 0 | E190: =December!E190 -> 0 | F190: =December!F190 -> 0 | G190: =SUM(January:December!C190) -> 0 | H190: =SUM(January:December!D190) -> 0 | I190: =SUM(January:December!E190) -> 0 | J190: =SUM(January:December!F190) -> 0 | K190: =SUM(January:December!G190) -> 0 | L190: =SUM(January:December!H190) -> 0 | M190: =SUM(January:December!I190) -> 0 | N190: =SUM(January:December!J190) -> 0
... A232: Bonner Springs City Library | B232: Book club set | C232: =December!C232 -> 0 | D232: =December!D232 -> 0 | E232: =December!E232 -> 0 | F232: =December!F232 -> 0 | G232: =SUM(January:December!C232) -> 9 | H232: =SUM(January:December!D232) -> 0 | I232: =SUM(January:December!E232) -> 0 | J232: =SUM(January:December!F232) -> 9 | K232: =SUM(January:December!G232) -> 0 | L232: =SUM(January:December!H232) -> 0 | M232: =SUM(January:December!I232) -> 0 | N232: =SUM(January:December!J232) -> 0
A233: Bonner Springs City Library | B233: Bundle
A234: Bonner Springs City Library | B234: Computers and internet - Laptop computer | C234: =December!C234 -> 0 | D234: =December!D234 -> 0 | E234: =December!E234 -> 0 | F234: =December!F234 -> 0 | G234: =SUM(January:December!C234) -> 0 | H234: =SUM(January:December!D234) -> 0 | I234: =SUM(January:December!E234) -> 0 | J234: =SUM(January:December!F234) -> 0 | K234: =SUM(January:December!G234) -> 0 | L234: =SUM(January:December!H234) -> 0 | M234: =SUM(January:December!I234) -> 0 | N234: =SUM(January:December!J234) -> 0
A235: Bonner Springs City Library | B235: Computers and internet - Launchpad tablet | C235: =December!C235 -> 0 | D235: =December!D235 -> 0 | E235: =December!E235 -> 0 | F235: =December!F235 -> 0 | G235: =SUM(January:December!C235) -> 0 | H235: =SUM(January:December!D235) -> 0 | I235: =SUM(January:December!E235) -> 0 | J235: =SUM(January:December!F235) -> 0 | K235: =SUM(January:December!G235) -> 0 | L235: =SUM(January:December!H235) -> 0 | M235: =SUM(January:December!I235) -> 0 | N235: =SUM(January:December!J235) -> 0
A236: Bonner Springs City Library | B236: Computers and internet - Public computer | C236: =December!C236 -> 0 | D236: =December!D236 -> 0 | E236: =December!E236 -> 0 | F236: =December!F236 -> 0 | G236: =SUM(January:December!C236) -> 0 | H236: =SUM(January:December!D236) -> 0 | I236: =SUM(January:December!E236) -> 0 | J236: =SUM(January:December!F236) -> 0 | K236: =SUM(January:December!G236) -> 0 | L236: =SUM(January:December!H236) -> 0 | M236: =SUM(January:December!I236) -> 0 | N236: =SUM(January:December!J236) -> 0
A237: Bonner Springs City Library | B237: Computers and internet - Software | C237: =December!C237 -> 0 | D237: =December!D237 -> 0 | E237: =December!E237 -> 0 | F237: =December!F237 -> 0 | G237: =SUM(January:December!C237) -> 0 | H237: =SUM(January:December!D237) -> 0 | I237: =SUM(January:December!E237) -> 0 | J237: =SUM(January:December!F237) -> 0 | K237: =SUM(January:December!G237) -> 0 | L237: =SUM(January:December!H237) -> 0 | M237: =SUM(January:December!I237) -> 0 | N237: =SUM(January:December!J237) -> 0
A238: Bonner Springs City Library | B238: Computers and internet - Tablets, e-readers, and personal computing devices | C238: =December!C238 -> 0 | D238: =December!D238 -> 0 | E238: =December!E238 -> 0 | F238: =December!F238 -> 0 | G238: =SUM(January:December!C238) -> 36 | H238: =SUM(January:December!D238) -> 18 | I238: =SUM(January:December!E238) -> 0 | J238: =SUM(January:December!F238) -> 18 | K238: =SUM(January:December!G238) -> 0 | L238: =SUM(January:December!H238) -> 0 | M238: =SUM(January:December!I238) -> 0 | N238: =SUM(January:December!J238) -> 0
A239: Bonner Springs City Library | B239: Computers and internet - Wireless internet hotspot | C239: =December!C239 -> 0 | D239: =December!D239 -> 0 | E239: =December!E239 -> 0 | F239: =December!F239 -> 0 | G239: =SUM(January:December!C239) -> 22 | H239: =SUM(January:December!D239) -> 22 | I239: =SUM(January:December!E239) -> 0 | J239: =SUM(January:December!F239) -> 0 | K239: =SUM(January:December!G239) -> 1 | L239: =SUM(January:December!H239) -> 1 | M239: =SUM(January:December!I239) -> 0 | N239: =SUM(January:December!J239) -> 0
A240: Bonner Springs City Library | B240: E-content - Digital content | C240: =December!C240 -> 0 | D240: =December!D240 -> 0 | E240: =December!E240 -> 0 | F240: =December!F240 -> 0 | G240: =SUM(January:December!C240) -> 0 | H240: =SUM(January:December!D240) -> 0 | I240: =SUM(January:December!E240) -> 0 | J240: =SUM(January:December!F240) -> 0 | K240: =SUM(January:December!G240) -> 0 | L240: =SUM(January:December!H240) -> 0 | M240: =SUM(January:December!I240) -> 0 | N240: =SUM(January:December!J240) -> 0
A241: Bonner Springs City Library | B241: Inter-library loan | C241: =December!C241 -> 0 | D241: =December!D241 -> 0 | E241: =December!E241 -> 0 | F241: =December!F241 -> 0 | G241: =SUM(January:December!C241) -> 586 | H241: =SUM(January:December!D241) -> 586 | I241: =SUM(January:December!E241) -> 0 | J241: =SUM(January:December!F241) -> 0 | K241: =SUM(January:December!G241) -> 381 | L241: =SUM(January:December!H241) -> 381 | M241: =SUM(January:December!I241) -> 0 | N241: =SUM(January:December!J241) -> 0
A242: Bonner Springs City Library | B242: Inter-library loan - 07 day loan | C242: =December!C242 -> 0 | D242: =December!D242 -> 0 | E242: =December!E242 -> 0 | F242: =December!F242 -> 0 | G242: =SUM(January:December!C242) -> 0 | H242: =SUM(January:December!D242) -> 0 | I242: =SUM(January:December!E242) -> 0 | J242: =SUM(January:December!F242) -> 0 | K242: =SUM(January:December!G242) -> 0 | L242: =SUM(January:December!H242) -> 0 | M242: =SUM(January:December!I242) -> 0 | N242: =SUM(January:December!J242) -> 0
A243: Bonner Springs City Library | B243: Inter-library loan - 14 day loan | C243: =December!C243 -> 0 | D243: =December!D243 -> 0 | E243: =December!E243 -> 0 | F243: =December!F243 -> 0 | G243: =SUM(January:December!C243) -> 0 | H243: =SUM(January:December!D243) -> 0 | I243: =SUM(January:December!E243) -> 0 | J243: =SUM(January:December!F243) -> 0 | K243: =SUM(January:December!G243) -> 0 | L243: =SUM(January:December!H243) -> 0 | M243: =SUM(January:December!I243) -> 0 | N243: =SUM(January:December!J243) -> 0
A244: Bonner Springs City Library | B244: Inter-library loan - 21 day loan | C244: =December!C244 -> 0 | D244: =December!D244 -> 0 | E244: =December!E244 -> 0 | F244: =December!F244 -> 0 | G244: =SUM(January:December!C244) -> 0 | H244: =SUM(January:December!D244) -> 0 | I244: =SUM(January:December!E244) -> 0 | J244: =SUM(January:December!F244) -> 0 | K244: =SUM(January:December!G244) -> 0 | L244: =SUM(January:December!H244) -> 0 | M244: =SUM(January:December!I244) -> 0 | N244: =SUM(January:December!J244) -> 0
A245: Bonner Springs City Library | B245: Inter-library loan - 28 day loan | C245: =December!C245 -> 0 | D245: =December!D245 -> 0 | E245: =December!E245 -> 0 | F245: =December!F245 -> 0 | G245: =SUM(January:December!C245) -> 0 | H245: =SUM(January:December!D245) -> 0 | I245: =SUM(January:December!E245) -> 0 | J245: =SUM(January:December!F245) -> 0 | K245: =SUM(January:December!G245) -> 0 | L245: =SUM(January:December!H245) -> 0 | M245: =SUM(January:December!I245) -> 0 | N245: =SUM(January:December!J245) -> 0
... A287: Burlingame Community Library | B287: Book club set | C287: =December!C287 -> 0 | D287: =December!D287 -> 0 | E287: =December!E287 -> 0 | F287: =December!F287 -> 0 | G287: =SUM(January:December!C287) -> 0 | H287: =SUM(January:December!D287) -> 0 | I287: =SUM(January:December!E287) -> 0 | J287: =SUM(January:December!F287) -> 0 | K287: =SUM(January:December!G287) -> 0 | L287: =SUM(January:December!H287) -> 0 | M287: =SUM(January:December!I287) -> 0 | N287: =SUM(January:December!J287) -> 0
A288: Burlingame Community Library | B288: Bundle
A289: Burlingame Community Library | B289: Computers and internet - Laptop computer | C289: =December!C289 -> 0 | D289: =December!D289 -> 0 | E289: =December!E289 -> 0 | F289: =December!F289 -> 0 | G289: =SUM(January:December!C289) -> 99 | H289: =SUM(January:December!D289) -> 99 | I289: =SUM(January:December!E289) -> 0 | J289: =SUM(January:December!F289) -> 0 | K289: =SUM(January:December!G289) -> 0 | L289: =SUM(January:December!H289) -> 0 | M289: =SUM(January:December!I289) -> 0 | N289: =SUM(January:December!J289) -> 0
A290: Burlingame Community Library | B290: Computers and internet - Launchpad tablet | C290: =December!C290 -> 0 | D290: =December!D290 -> 0 | E290: =December!E290 -> 0 | F290: =December!F290 -> 0 | G290: =SUM(January:December!C290) -> 9 | H290: =SUM(January:December!D290) -> 9 | I290: =SUM(January:December!E290) -> 0 | J290: =SUM(January:December!F290) -> 0 | K290: =SUM(January:December!G290) -> 0 | L290: =SUM(January:December!H290) -> 0 | M290: =SUM(January:December!I290) -> 0 | N290: =SUM(January:December!J290) -> 0
A291: Burlingame Community Library | B291: Computers and internet - Public computer | C291: =December!C291 -> 0 | D291: =December!D291 -> 0 | E291: =December!E291 -> 0 | F291: =December!F291 -> 0 | G291: =SUM(January:December!C291) -> 72 | H291: =SUM(January:December!D291) -> 72 | I291: =SUM(January:December!E291) -> 0 | J291: =SUM(January:December!F291) -> 0 | K291: =SUM(January:December!G291) -> 0 | L291: =SUM(January:December!H291) -> 0 | M291: =SUM(January:December!I291) -> 0 | N291: =SUM(January:December!J291) -> 0
A292: Burlingame Community Library | B292: Computers and internet - Software | C292: =December!C292 -> 0 | D292: =December!D292 -> 0 | E292: =December!E292 -> 0 | F292: =December!F292 -> 0 | G292: =SUM(January:December!C292) -> 0 | H292: =SUM(January:December!D292) -> 0 | I292: =SUM(January:December!E292) -> 0 | J292: =SUM(January:December!F292) -> 0 | K292: =SUM(January:December!G292) -> 0 | L292: =SUM(January:December!H292) -> 0 | M292: =SUM(January:December!I292) -> 0 | N292: =SUM(January:December!J292) -> 0
A293: Burlingame Community Library | B293: Computers and internet - Tablets, e-readers, and personal computing devices | C293: =December!C293 -> 0 | D293: =December!D293 -> 0 | E293: =December!E293 -> 0 | F293: =December!F293 -> 0 | G293: =SUM(January:December!C293) -> 162 | H293: =SUM(January:December!D293) -> 153 | I293: =SUM(January:December!E293) -> 0 | J293: =SUM(January:December!F293) -> 9 | K293: =SUM(January:December!G293) -> 0 | L293: =SUM(January:December!H293) -> 0 | M293: =SUM(January:December!I293) -> 0 | N293: =SUM(January:December!J293) -> 0
A294: Burlingame Community Library | B294: Computers and internet - Wireless internet hotspot | C294: =December!C294 -> 0 | D294: =December!D294 -> 0 | E294: =December!E294 -> 0 | F294: =December!F294 -> 0 | G294: =SUM(January:December!C294) -> 9 | H294: =SUM(January:December!D294) -> 9 | I294: =SUM(January:December!E294) -> 0 | J294: =SUM(January:December!F294) -> 0 | K294: =SUM(January:December!G294) -> 0 | L294: =SUM(January:December!H294) -> 0 | M294: =SUM(January:December!I294) -> 0 | N294: =SUM(January:December!J294) -> 0
A295: Burlingame Community Library | B295: E-content - Digital content | C295: =December!C295 -> 0 | D295: =December!D295 -> 0 | E295: =December!E295 -> 0 | F295: =December!F295 -> 0 | G295: =SUM(January:December!C295) -> 0 | H295: =SUM(January:December!D295) -> 0 | I295: =SUM(January:December!E295) -> 0 | J295: =SUM(January:December!F295) -> 0 | K295: =SUM(January:December!G295) -> 0 | L295: =SUM(January:December!H295) -> 0 | M295: =SUM(January:December!I295) -> 0 | N295: =SUM(January:December!J295) -> 0
A296: Burlingame Community Library | B296: Inter-library loan | C296: =December!C296 -> 0 | D296: =December!D296 -> 0 | E296: =December!E296 -> 0 | F296: =December!F296 -> 0 | G296: =SUM(January:December!C296) -> 358 | H296: =SUM(January:December!D296) -> 322 | I296: =SUM(January:December!E296) -> 0 | J296: =SUM(January:December!F296) -> 36 | K296: =SUM(January:December!G296) -> 14 | L296: =SUM(January:December!H296) -> 14 | M296: =SUM(January:December!I296) -> 0 | N296: =SUM(January:December!J296) -> 0
A297: Burlingame Community Library | B297: Inter-library loan - 07 day loan | C297: =December!C297 -> 0 | D297: =December!D297 -> 0 | E297: =December!E297 -> 0 | F297: =December!F297 -> 0 | G297: =SUM(January:December!C297) -> 0 | H297: =SUM(January:December!D297) -> 0 | I297: =SUM(January:December!E297) -> 0 | J297: =SUM(January:December!F297) -> 0 | K297: =SUM(January:December!G297) -> 0 | L297: =SUM(January:December!H297) -> 0 | M297: =SUM(January:December!I297) -> 0 | N297: =SUM(January:December!J297) -> 0
A298: Burlingame Community Library | B298: Inter-library loan - 14 day loan | C298: =December!C298 -> 0 | D298: =December!D298 -> 0 | E298: =December!E298 -> 0 | F298: =December!F298 -> 0 | G298: =SUM(January:December!C298) -> 0 | H298: =SUM(January:December!D298) -> 0 | I298: =SUM(January:December!E298) -> 0 | J298: =SUM(January:December!F298) -> 0 | K298: =SUM(January:December!G298) -> 0 | L298: =SUM(January:December!H298) -> 0 | M298: =SUM(January:December!I298) -> 0 | N298: =SUM(January:December!J298) -> 0
A299: Burlingame Community Library | B299: Inter-library loan - 21 day loan | C299: =December!C299 -> 0 | D299: =December!D299 -> 0 | E299: =December!E299 -> 0 | F299: =December!F299 -> 0 | G299: =SUM(January:December!C299) -> 0 | H299: =SUM(January:December!D299) -> 0 | I299: =SUM(January:December!E299) -> 0 | J299: =SUM(January:December!F299) -> 0 | K299: =SUM(January:December!G299) -> 0 | L299: =SUM(January:December!H299) -> 0 | M299: =SUM(January:December!I299) -> 0 | N299: =SUM(January:December!J299) -> 0
A300: Burlingame Community Library | B300: Inter-library loan - 28 day loan | C300: =December!C300 -> 0 | D300: =December!D300 -> 0 | E300: =December!E300 -> 0 | F300: =December!F300 -> 0 | G300: =SUM(January:December!C300) -> 0 | H300: =SUM(January:December!D300) -> 0 | I300: =SUM(January:December!E300) -> 0 | J300: =SUM(January:December!F300) -> 0 | K300: =SUM(January:December!G300) -> 0 | L300: =SUM(January:December!H300) -> 0 | M300: =SUM(January:December!I300) -> 0 | N300: =SUM(January:December!J300) -> 0
... A342: Carbondale City Library | B342: Book club set | C342: =December!C342 -> 0 | D342: =December!D342 -> 0 | E342: =December!E342 -> 0 | F342: =December!F342 -> 0 | G342: =SUM(January:December!C342) -> 0 | H342: =SUM(January:December!D342) -> 0 | I342: =SUM(January:December!E342) -> 0 | J342: =SUM(January:December!F342) -> 0 | K342: =SUM(January:December!G342) -> 0 | L342: =SUM(January:December!H342) -> 0 | M342: =SUM(January:December!I342) -> 0 | N342: =SUM(January:December!J342) -> 0
A343: Carbondale City Library | B343: Bundle
A344: Carbondale City Library | B344: Computers and internet - Laptop computer | C344: =December!C344 -> 0 | D344: =December!D344 -> 0 | E344: =December!E344 -> 0 | F344: =December!F344 -> 0 | G344: =SUM(January:December!C344) -> 0 | H344: =SUM(January:December!D344) -> 0 | I344: =SUM(January:December!E344) -> 0 | J344: =SUM(January:December!F344) -> 0 | K344: =SUM(January:December!G344) -> 0 | L344: =SUM(January:December!H344) -> 0 | M344: =SUM(January:December!I344) -> 0 | N344: =SUM(January:December!J344) -> 0
A345: Carbondale City Library | B345: Computers and internet - Launchpad tablet | C345: =December!C345 -> 0 | D345: =December!D345 -> 0 | E345: =December!E345 -> 0 | F345: =December!F345 -> 0 | G345: =SUM(January:December!C345) -> 0 | H345: =SUM(January:December!D345) -> 0 | I345: =SUM(January:December!E345) -> 0 | J345: =SUM(January:December!F345) -> 0 | K345: =SUM(January:December!G345) -> 0 | L345: =SUM(January:December!H345) -> 0 | M345: =SUM(January:December!I345) -> 0 | N345: =SUM(January:December!J345) -> 0
A346: Carbondale City Library | B346: Computers and internet - Public computer | C346: =December!C346 -> 0 | D346: =December!D346 -> 0 | E346: =December!E346 -> 0 | F346: =December!F346 -> 0 | G346: =SUM(January:December!C346) -> 0 | H346: =SUM(January:December!D346) -> 0 | I346: =SUM(January:December!E346) -> 0 | J346: =SUM(January:December!F346) -> 0 | K346: =SUM(January:December!G346) -> 0 | L346: =SUM(January:December!H346) -> 0 | M346: =SUM(January:December!I346) -> 0 | N346: =SUM(January:December!J346) -> 0
...
