Workbook

Sheet Annual totals
A1: Next statistics | B1: 46023 | C1: through | D1: =MAX(January:December!D1) -> 46295
A2: Library | B2: Circulation | C2: ILL loans | D2: ILL borrows
A3: Atchison Public Library | B3: =SUM(January:December!B3) -> 53543 | C3: =SUM(January:December!C3) -> 7534 | D3: =SUM(January:December!D3) -> 9539
A4: Baldwin City Public Library | B4: =SUM(January:December!B4) -> 31305 | C4: =SUM(January:December!C4) -> 2532 | D4: =SUM(January:December!D4) -> 4464
A5: Basehor Community Library | B5: =SUM(January:December!B5) -> 81070 | C5: =SUM(January:December!C5) -> 7455 | D5: =SUM(January:December!D5) -> 7305
A6: Bern Community Library | B6: =SUM(January:December!B6) -> 1560 | C6: =SUM(January:December!C6) -> 722 | D6: =SUM(January:December!D6) -> 127
A7: Bonner Springs City Library | B7: =SUM(January:December!B7) -> 57916 | C7: =SUM(January:December!C7) -> 7308 | D7: =SUM(January:December!D7) -> 6484
A8: Burlingame Community Library | B8: =SUM(January:December!B8) -> 7989 | C8: =SUM(January:December!C8) -> 1234 | D8: =SUM(January:December!D8) -> 1479
A9: Carbondale City Library | B9: =SUM(January:December!B9) -> 4716 | C9: =SUM(January:December!C9) -> 1118 | D9: =SUM(January:December!D9) -> 912
A10: Centralia Community Library | B10: =SUM(January:December!B10) -> 2775 | C10: =SUM(January:December!C10) -> 363 | D10: =SUM(January:December!D10) -> 205
A11: Corning City Library | B11: =SUM(January:December!B11) -> 474 | C11: =SUM(January:December!C11) -> 156 | D11: =SUM(January:December!D11) -> 0
A12: Digital Content | B12: =SUM(January:December!B12) -> 0 | C12: =SUM(January:December!C12) -> 0 | D12: =SUM(January:December!D12) -> 0
A13: Doniphan County Library - Elwood | B13: =SUM(January:December!B13) -> 374 | C13: =SUM(January:December!C13) -> 343 | D13: =SUM(January:December!D13) -> 44
A14: Doniphan County Library - Highland | B14: =SUM(January:December!B14) -> 1541 | C14: =SUM(January:December!C14) -> 937 | D14: =SUM(January:December!D14) -> 414
... A58: Total | B58: =SUM(January:December!B58) -> 813276 | C58: =SUM(January:December!C58) -> 122812 | D58: =SUM(January:December!D58) -> 118264

Sheet January
A1: Next statistics | B1: 46023 | C1: through | D1: 46053
A2: Library | B2: Circulation | C2: ILL loans | D2: ILL borrows
A3: Atchison Public Library | B3: 5663 | C3: 973 | D3: 1087
A4: Baldwin City Public Library | B4: 3255 | C4: 287 | D4: 496
A5: Basehor Community Library | B5: 9155 | C5: 922 | D5: 914
A6: Bern Community Library | B6: 89 | C6: 111 | D6: 11
A7: Bonner Springs City Library | B7: 6272 | C7: 894 | D7: 874
A8: Burlingame Community Library | B8: 1062 | C8: 151 | D8: 130
A9: Carbondale City Library | B9: 485 | C9: 160 | D9: 93
A10: Centralia Community Library | B10: 251 | C10: 44 | D10: 23
A11: Corning City Library | B11: 53 | C11: 16 | D11: 0
A12: Digital Content | B12: 0 | C12: 0 | D12: 0
A13: Doniphan County Library - Elwood | B13: 28 | C13: 48 | D13: 6
A14: Doniphan County Library - Highland | B14: 150 | C14: 100 | D14: 45
... A58: Total | B58: 86140 | C58: 15198 | D58: 14416

Sheet February
A1: Next statistics | B1: 46054 | C1: through | D1: 46081
A2: Library | B2: Circulation | C2: ILL loans | D2: ILL borrows
A3: Atchison Public Library | B3: 5122 | C3: 826 | D3: 998
A4: Baldwin City Public Library | B4: 3066 | C4: 285 | D4: 551
A5: Basehor Community Library | B5: 8064 | C5: 640 | D5: 807
A6: Bern Community Library | B6: 102 | C6: 73 | D6: 7
A7: Bonner Springs City Library | B7: 5650 | C7: 804 | D7: 745
A8: Burlingame Community Library | B8: 897 | C8: 126 | D8: 92
A9: Carbondale City Library | B9: 598 | C9: 126 | D9: 117
A10: Centralia Community Library | B10: 225 | C10: 47 | D10: 12
A11: Corning City Library | B11: 44 | C11: 20 | D11: 0
A12: Digital Content | B12: 0 | C12: 0 | D12: 0
A13: Doniphan County Library - Elwood | B13: 18 | C13: 42 | D13: 1
A14: Doniphan County Library - Highland | B14: 125 | C14: 158 | D14: 64
... A58: Total | B58: 81280 | C58: 13652 | D58: 13535

Sheet March
A1: Next statistics | B1: 46082 | C1: through | D1: 46112
A2: Library | B2: Circulation | C2: ILL loans | D2: ILL borrows
A3: Atchison Public Library | B3: 5840 | C3: 944 | D3: 1088
A4: Baldwin City Public Library | B4: 3403 | C4: 338 | D4: 441
A5: Basehor Community Library | B5: 9487 | C5: 827 | D5: 780
A6: Bern Community Library | B6: 87 | C6: 69 | D6: 8
A7: Bonner Springs City Library | B7: 6290 | C7: 847 | D7: 764
A8: Burlingame Community Library | B8: 709 | C8: 151 | D8: 142
A9: Carbondale City Library | B9: 555 | C9: 115 | D9: 110
A10: Centralia Community Library | B10: 226 | C10: 30 | D10: 22
A11: Corning City Library | B11: 46 | C11: 22 | D11: 0
A12: Digital Content | B12: 0 | C12: 0 | D12: 0
A13: Doniphan County Library - Elwood | B13: 16 | C13: 38 | D13: 3
A14: Doniphan County Library - Highland | B14: 214 | C14: 90 | D14: 59
... A59: Total | B59: 88294 | C59: 14289 | D59: 13832

Sheet April
A1: Next statistics | B1: 46113 | C1: through | D1: 46142
A2: Library | B2: Circulation | C2: ILL loans | D2: ILL borrows
A3: Atchison Public Library | B3: 5254 | C3: 863 | D3: 1013
A4: Baldwin City Public Library | B4: 2831 | C4: 349 | D4: 392
A5: Basehor Community Library | B5: 8105 | C5: 780 | D5: 750
A6: Bern Community Library | B6: 127 | C6: 90 | D6: 13
A7: Bonner Springs City Library | B7: 5965 | C7: 785 | D7: 655
A8: Burlingame Community Library | B8: 1011 | C8: 124 | D8: 200
A9: Carbondale City Library | B9: 402 | C9: 133 | D9: 80
A10: Centralia Community Library | B10: 232 | C10: 43 | D10: 21
A11: Corning City Library | B11: 59 | C11: 13 | D11: 0
A12: Digital Content | B12: 0 | C12: 0 | D12: 0
A13: Doniphan County Library - Elwood | B13: 57 | C13: 37 | D13: 7
A14: Doniphan County Library - Highland | B14: 209 | C14: 81 | D14: 59
... A58: Total | B58: 79471 | C58: 12530 | D58: 12558
B61: 25

Sheet May
A1: Next statistics | B1: 46143 | C1: through | D1: 46173
A2: Library | B2: Circulation | C2: ILL loans | D2: ILL borrows
A3: Atchison Public Library | B3: 5945 | C3: 647 | D3: 891
A4: Baldwin City Public Library | B4: 3615 | C4: 285 | D4: 415
A5: Basehor Community Library | B5: 8217 | C5: 839 | D5: 613
A6: Bern Community Library | B6: 170 | C6: 55 | D6: 9
A7: Bonner Springs City Library | B7: 6259 | C7: 833 | D7: 602
A8: Burlingame Community Library | B8: 943 | C8: 130 | D8: 146
A9: Carbondale City Library | B9: 534 | C9: 87 | D9: 81
A10: Centralia Community Library | B10: 291 | C10: 30 | D10: 28
A11: Corning City Library | B11: 30 | C11: 8 | D11: 0
A12: Digital Content | B12: 0 | C12: 0 | D12: 0
A13: Doniphan County Library - Elwood | B13: 63 | C13: 8 | D13: 4
A14: Doniphan County Library - Highland | B14: 184 | C14: 67 | D14: 46
... A58: Total | B58: 86748 | C58: 11790 | D58: 10794

Sheet June
A1: Next statistics | B1: 46174 | C1: through | D1: 46203
A2: Library | B2: Circulation | C2: ILL loans | D2: ILL borrows
A3: Atchison Public Library | B3: 6881 | C3: 815 | D3: 1046
A4: Baldwin City Public Library | B4: 4172 | C4: 244 | D4: 577
A5: Basehor Community Library | B5: 10577 | C5: 747 | D5: 858
A6: Bern Community Library | B6: 424 | C6: 78 | D6: 38
A7: Bonner Springs City Library | B7: 7611 | C7: 722 | D7: 734
A8: Burlingame Community Library | B8: 633 | C8: 141 | D8: 112
A9: Carbondale City Library | B9: 635 | C9: 137 | D9: 73
A10: Centralia Community Library | B10: 416 | C10: 36 | D10: 36
A11: Corning City Library | B11: 85 | C11: 11 | D11: 0
A12: Digital Content | B12: 0 | C12: 0 | D12: 0
A13: Doniphan County Library - Elwood | B13: 37 | C13: 43 | D13: 4
A14: Doniphan County Library - Highland | B14: 190 | C14: 81 | D14: 33
... A58: Total | B58: 108709 | C58: 13323 | D58: 12868

Sheet July
A1: Next statistics | B1: 46204 | C1: through | D1: 46234
A2: Library | B2: Circulation | C2: ILL loans | D2: ILL borrows
A3: Atchison Public Library | B3: 6597 | C3: 885 | D3: 1180
A4: Baldwin City Public Library | B4: 4214 | C4: 241 | D4: 602
A5: Basehor Community Library | B5: 9964 | C5: 869 | D5: 904
A6: Bern Community Library | B6: 281 | C6: 75 | D6: 10
A7: Bonner Springs City Library | B7: 7707 | C7: 730 | D7: 618
A8: Burlingame Community Library | B8: 720 | C8: 142 | D8: 210
A9: Carbondale City Library | B9: 571 | C9: 135 | D9: 150
A10: Centralia Community Library | B10: 476 | C10: 55 | D10: 18
A11: Corning City Library | B11: 65 | C11: 22 | D11: 0
A12: Digital Content | B12: 0 | C12: 0 | D12: 0
A13: Doniphan County Library - Elwood | B13: 52 | C13: 23 | D13: 8
A14: Doniphan County Library - Highland | B14: 172 | C14: 114 | D14: 34
... A58: Total | B58: 101271 | C58: 13010 | D58: 13369

Sheet August
A1: Next statistics | B1: 46235 | C1: through | D1: 46265
A2: Library | B2: Circulation | C2: ILL loans | D2: ILL borrows
A3: Atchison Public Library | B3: 5873 | C3: 822 | D3: 1052
A4: Baldwin City Public Library | B4: 3492 | C4: 238 | D4: 479
A5: Basehor Community Library | B5: 8917 | C5: 962 | D5: 843
A6: Bern Community Library | B6: 179 | C6: 99 | D6: 12
A7: Bonner Springs City Library | B7: 6153 | C7: 882 | D7: 701
A8: Burlingame Community Library | B8: 881 | C8: 141 | D8: 200
A9: Carbondale City Library | B9: 451 | C9: 112 | D9: 93
A10: Centralia Community Library | B10: 376 | C10: 35 | D10: 24
A11: Corning City Library | B11: 50 | C11: 25 | D11: 0
A12: Digital Content | B12: 0 | C12: 0 | D12: 0
A13: Doniphan County Library - Elwood | B13: 57 | C13: 49 | D13: 1
A14: Doniphan County Library - Highland | B14: 187 | C14: 112 | D14: 41
... A58: Total | B58: 91059 | C58: 14612 | D58: 13543

Sheet September
A1: Next statistics | B1: 46266 | C1: through | D1: 46295
A2: Library | B2: Circulation | C2: ILL loans | D2: ILL borrows
A3: Atchison Public Library | B3: 6368 | C3: 759 | D3: 1184
A4: Baldwin City Public Library | B4: 3257 | C4: 265 | D4: 511
A5: Basehor Community Library | B5: 8584 | C5: 869 | D5: 836
A6: Bern Community Library | B6: 101 | C6: 72 | D6: 19
A7: Bonner Springs City Library | B7: 6009 | C7: 811 | D7: 791
A8: Burlingame Community Library | B8: 1133 | C8: 128 | D8: 247
A9: Carbondale City Library | B9: 485 | C9: 113 | D9: 115
A10: Centralia Community Library | B10: 282 | C10: 43 | D10: 21
A11: Corning City Library | B11: 42 | C11: 19 | D11: 0
A12: Digital Content | B12: 0 | C12: 0 | D12: 0
A13: Doniphan County Library - Elwood | B13: 46 | C13: 55 | D13: 10
A14: Doniphan County Library - Highland | B14: 110 | C14: 134 | D14: 33
... A58: Total | B58: 90304 | C58: 14408 | D58: 13349

Sheet October
A1: Next statistics | C1: through
A2: Library | B2: Circulation | C2: ILL loans | D2: ILL borrows
A3: Atchison Public Library
A4: Baldwin City Public Library
A5: Basehor Community Library
A6: Bern Community Library
A7: Bonner Springs City Library
A8: Burlingame Community Library
A9: Carbondale City Library
A10: Centralia Community Library
A11: Corning City Library
A12: Digital Content
A13: Doniphan County Library - Elwood
A14: Doniphan County Library - Highland
... A58: Total

Sheet November
A1: Next statistics | C1: through
A2: Library | B2: Circulation | C2: ILL loans | D2: ILL borrows
A3: Atchison Public Library
A4: Baldwin City Public Library
A5: Basehor Community Library
A6: Bern Community Library
A7: Bonner Springs City Library
A8: Burlingame Community Library
A9: Carbondale City Library
A10: Centralia Community Library
A11: Corning City Library
A12: Digital Content
A13: Doniphan County Library - Elwood
A14: Doniphan County Library - Highland
... A58: Total

Sheet December
A1: Next statistics | C1: through
A2: Library | B2: Circulation | C2: ILL loans | D2: ILL borrows
A3: Atchison Public Library
A4: Baldwin City Public Library
A5: Basehor Community Library
A6: Bern Community Library
A7: Bonner Springs City Library
A8: Burlingame Community Library
A9: Carbondale City Library
A10: Centralia Community Library
A11: Corning City Library
A12: Digital Content
A13: Doniphan County Library - Elwood
A14: Doniphan County Library - Highland
... A58: Total
